product_id,product_description,product_category,avg_price
GGOENEBJ079499,Nest Learning Thermostat 3rd Gen-USA - Stainless Steel,Nest-USA,153.71
GGOENEBQ078999,Nest Cam Outdoor Security Camera - USA,Nest-USA,122.77
GGOENEBQ079099,Nest Protect Smoke + CO White Battery Alarm-USA,Nest-USA,81.5
GGOENEBB078899,Nest Cam Indoor Security Camera - USA,Nest-USA,122.77
GGOENEBQ079199,Nest Protect Smoke + CO White Wired Alarm-USA,Nest-USA,81.5
GGOENEBB079299,Nest Protect Smoke + CO Black Battery Alarm-USA,Nest-USA,81.5
GGOENEBB079399,Nest Protect Smoke + CO Black Wired Alarm-USA,Nest-USA,81.5
GGOEGFKQ020399,Google Laptop and Cell Phone Stickers,Office,2.05
GGOEGGOA017399,Maze Pen,Office,0.98
GGOEGOFH020299,Galaxy Screen Cleaning Cloth,Office,1.99
GGOEGOXQ016399,Badge Holder,Office,1.99
GGOEGOAQ012899,Ballpoint LED Light Pen,Office,2.58
GGOEGOAR021999,Color Changing Grip Pen,Office,1.55
GGOEGOBG023599,Colored Pencil Set,Office,3.08
GGOEGOLC013299,Spiral Notebook and Pen Set,Office,6.18
GGOEAFKQ020599,Android Sticker Sheet Ultra Removable,Office,2.47
GGOEYFKQ020699,YouTube Custom Decals,Office,1.64
GGOEGKAA019299,Switch Tone Color Crayon Pen,Office,1.64
GGOEGOCB017499,Leatherette Journal,Office,9.07
GGOEGFKQ020799,Google Doodle Decal,Office,2.89
GGOEYOLR018699,YouTube Leatherette Notebook Combo,Office,5.55
GGOEGOCT019199,Red Spiral Google Notebook,Office,8.24
GGOEAFKQ020499,8 pc Android Sticker Sheet,Office,1.64
GGOEGOAR021899,Retractable Ballpoint Pen Red,Office,1.0
GGOEGOAA017199,Rubber Grip Ballpoint Pen 4 Pack,Office,4.12
GGOEGOLC014299,Google Metallic Notebook Set,Office,4.94
GGOEGOAQ015999,Gel Roller Pen,Office,3.47
GGOEGOAQ018099,Pen Pencil & Highlighter Set,Office,3.29
GGOEGOCC017599,Recycled Paper Journal Set,Office,4.12
GGOEGOCR017899,Recycled Paper Journal Set,Office,4.12
GGOEGOAA017099,Ballpoint Stick Pen 4 Pack,Office,3.16
GGOEGOAB021699,Google Ballpoint Pen Black,Office,1.64
GGOEGOAR013599,Ballpoint Stylus Pen,Office,4.54
GGOEGOAQ020099,Four Color Retractable Pen,Office,2.47
GGOEGOAC021799,Ballpoint Pen Blue,Office,0.97
GGOEGOAR013099,Google Stylus Pen w/ LED Light,Office,5.67
GGOEGOAJ021599,Gunmetal Roller Ball Pen,Office,20.62
GGOEGOAB012999,Ballpoint Pen & Matching Tube Case,Office,6.18
GGOEAOCH014199,Android Journal Book Set,Office,9.27
GGOEGFKA022299,Keyboard DOT Sticker,Office,1.55
GGOEGOAB015899,Rainbow Stylus Pen,Office,1.55
GGOEGOGA016299,Grip Highlighter Pen 3 Pack,Office,4.12
GGOEYOLR080599,YouTube Notebook and Pen Set,Office,6.59
GGOEGOAC016199,Executive Twist Ballpoint Pen,Office,8.24
GGOEGOAB021499,Metal Texture Roller Pen,Office,29.91
GGOEGOAB016099,Leather and Metal Ballpoint Pen,Office,18.56
GGOEGOAB022499,Satin Black Ballpoint Pen,Office,41.26
GGOEGAAB010516,Google Men's 100% Cotton Short Sleeve Hero Tee Black,Apparel,17.53
GGOEGAAJ073414,Google Men's Short Sleeve Hero Tee Heather,Apparel,19.59
GGOEGAPB058615,Google Women's Yoga Jacket Black,Apparel,108.31
GGOEGAAB010517,Google Men's 100% Cotton Short Sleeve Hero Tee Black,Apparel,14.02
GGOEYAFB073115,YouTube Men's Fleece Hoodie Black,Apparel,57.76
GGOEGAAJ073415,Google Men's Short Sleeve Hero Tee Heather,Apparel,19.59
GGOEYAAB031816,YouTube Men's Short Sleeve Hero Tee Black,Apparel,17.53
GGOEGAAR010714,Google Men's 100% Cotton Short Sleeve Hero Tee Red,Apparel,14.02
GGOEGAEQ027913,Google Women's Short Sleeve Hero Tee White,Apparel,14.02
GGOEGATB060415,Google Women's Quilted Insulated Vest Black,Apparel,61.89
GGOEGAAJ080615,Google Men's Bike Short Sleeve Tee Charcoal,Apparel,16.5
GGOEGAAL010615,Google Men's 100% Cotton Short Sleeve Hero Tee Navy,Apparel,14.02
GGOEGAEB027814,Google Women's Short Sleeve Hero Tee Black,Apparel,14.02
GGOEGAEC029114,Google Women's Short Sleeve Hero Tee Sky Blue,Apparel,15.67
GGOEGAER029714,Google Women's Short Sleeve Hero Tee Red Heather,Apparel,15.67
GGOEGAFJ036214,Google Men's Pullover Hoodie Grey,Apparel,42.91
GGOEGAYC068324,Google Youth Short Sleeve T-shirt Royal Blue,Apparel,15.67
GGOEGAYH068425,Google Youth Short Sleeve T-shirt Green,Apparel,15.67
GGOEGAPB058214,Google Women's Lightweight Microfleece Jacket,Apparel,61.89
GGOEAAAJ032416,Android Men's Short Sleeve Tri-blend Hero Tee Grey,Apparel,19.59
GGOEAAAJ034516,Android Men's Vintage Tee,Apparel,19.59
GGOEGAAJ059116,Google Men's Short Sleeve Performance Badge Tee Pewter,Apparel,22.69
GGOEGAAQ033916,Google Men's Vintage Badge Tee White,Apparel,19.59
GGOEGAFJ036216,Google Men's Pullover Hoodie Grey,Apparel,53.64
GGOEGADJ059714,Google Men's Quilted Insulated Vest Battleship Grey,Apparel,61.89
GGOEYAEJ033516,YouTube Men's Long Sleeve Pullover Badge Tee Heather,Apparel,28.88
GGOEGADJ059413,Google Men's Microfiber 1/4 Zip Pullover Grey/Black,Apparel,61.89
GGOEGALL074615,Google Women's Short Sleeve Badge Tee Navy,Apparel,14.02
GGOEGAXC065255,Google Toddler Short Sleeve T-shirt Royal Blue,Apparel,14.02
GGOEGAXH065330,Google Toddler Short Sleeve T-shirt Green,Apparel,14.02
GGOEYHPB072210,YouTube Twill Cap,Apparel,9.07
GGOEGAEB027815,Google Women's Short Sleeve Hero Tee Black,Apparel,14.02
GGOEGAEQ027914,Google Women's Short Sleeve Hero Tee White,Apparel,14.02
GGOEGHPB071610,Google Twill Cap,Apparel,11.34
GGOEGAAR010715,Google Men's 100% Cotton Short Sleeve Hero Tee Red,Apparel,17.53
GGOEGALJ034413,Google Women's Vintage Hero Tee Platinum,Apparel,19.59
GGOEGAAJ032616,Google Men's Short Sleeve Badge Tee Charcoal,Apparel,15.67
GGOEGADC059516,Google Men's Microfiber 1/4 Zip Pullover Blue/Indigo,Apparel,61.89
GGOEGAEC033116,Google Men's Long Sleeve Raglan Ocean Blue,Apparel,20.62
GGOEGAER029215,Google Women's Short Sleeve Badge Tee Red Heather,Apparel,15.67
GGOEGAFB035816,Google Men's  Zip Hoodie,Apparel,46.21
GGOEGATC060314,Google Women's 1/4 Zip Performance Pullover Two-Tone Blue,Apparel,53.64
GGOEGALQ034214,Google Women's Vintage Hero Tee White,Apparel,15.67
GGOEGAPB057814,Women's Performance Full Zip Jacket Black,Apparel,99.03
GGOEGAQJ058714,Google Women's Zip Hoodie Grey,Apparel,115.53
GGOEGAAQ010417,Google Men's 100% Cotton Short Sleeve Hero Tee White,Apparel,17.53
GGOEGAAJ080616,Google Men's Bike Short Sleeve Tee Charcoal,Apparel,20.62
GGOEGADB057315,Google Men's Lightweight Microfleece Jacket Black,Apparel,77.36
GGOEGADB059215,Google Men's Airflow 1/4 Zip Pullover Black,Apparel,72.2
GGOEGADJ057115,Google Men's Performance 1/4 Zip Pullover Heather/Black,Apparel,113.47
GGOEGADJ059715,Google Men's Quilted Insulated Vest Battleship Grey,Apparel,77.36
GGOEGADB059615,Google Men's Quilted Insulated Vest Black,Apparel,77.36
GGOEGAWH061353,Google Onesie Green,Apparel,19.8
GGOEGAEJ031315,Google Tri-blend Hoodie Grey,Apparel,33.0
GGOEGAFB035815,Google Men's  Zip Hoodie,Apparel,46.21
GGOEGAAB058913,Google Men's Short Sleeve Performance Badge Tee Black,Apparel,18.15
GGOEGAAJ032613,Google Men's Short Sleeve Badge Tee Charcoal,Apparel,15.67
GGOEGADJ056813,Google Men's Watershed Full Zip Hoodie Grey,Apparel,90.77
GGOEGAEC033113,Google Men's Long Sleeve Raglan Ocean Blue,Apparel,25.78
GGOEGAAQ010414,Google Men's 100% Cotton Short Sleeve Hero Tee White,Apparel,17.53
GGOEGAAQ010415,Google Men's 100% Cotton Short Sleeve Hero Tee White,Apparel,17.53
GGOEGADC059515,Google Men's Microfiber 1/4 Zip Pullover Blue/Indigo,Apparel,61.89
GGOEGAQB036015,Google Women's Fleece Hoodie,Apparel,46.21
GGOEGATB060413,Google Women's Quilted Insulated Vest Black,Apparel,61.89
GGOEGATC060313,Google Women's 1/4 Zip Performance Pullover Two-Tone Blue,Apparel,53.64
GGOEGADJ059416,Google Men's Microfiber 1/4 Zip Pullover Grey/Black,Apparel,61.89
GGOEGAER029213,Google Women's Short Sleeve Badge Tee Red Heather,Apparel,15.67
GGOEAAXC066430,Android Toddler Short Sleeve T-shirt Aqua,Apparel,14.02
GGOEAAXN066330,Android Toddler Short Sleeve T-shirt Pink,Apparel,14.02
GGOEAAEB031614,Android Men's 3/4 Sleeve Raglan Henley Black,Apparel,20.62
GGOEGAEC033115,Google Men's Long Sleeve Raglan Ocean Blue,Apparel,20.62
GGOEGALP036317,Google Women's Long Sleeve Tee Lavender,Apparel,19.8
GGOEGAPJ058013,Google Women's 1/4 Zip Jacket Charcoal,Apparel,90.77
GGOEAAAB034915,Android BTTF Moonshot Graphic Tee,Apparel,16.5
GGOEGAAQ033915,Google Men's Vintage Badge Tee White,Apparel,15.67
GGOEGATB060414,Google Women's Quilted Insulated Vest Black,Apparel,61.89
GGOEGAAJ032714,Google Men's Skater Tee Grey,Apparel,20.62
GGOEGAAL010616,Google Men's 100% Cotton Short Sleeve Hero Tee Navy,Apparel,17.53
GGOEGAFJ036215,Google Men's Pullover Hoodie Grey,Apparel,53.64
GGOEGAPB058212,Google Women's Lightweight Microfleece Jacket,Apparel,61.89
GGOEAAAJ031917,Android Men's Short Sleeve Hero Tee Heather,Apparel,19.59
GGOEGAAB010515,Google Men's 100% Cotton Short Sleeve Hero Tee Black,Apparel,17.53
GGOEGAEA030414,Google Womens 3/4 Sleeve Baseball Raglan Heather/Black,Apparel,16.5
GGOEGAXR065128,Google Toddler Short Sleeve Tee Red,Apparel,17.53
GGOEGAAJ059114,Google Men's Short Sleeve Performance Badge Tee Pewter,Apparel,18.15
GGOEAAXN066329,Android Toddler Short Sleeve T-shirt Pink,Apparel,17.53
GGOEGAQB036014,Google Women's Fleece Hoodie,Apparel,57.76
GGOEGAXC065629,Google Toddler Hoodie Royal Blue,Apparel,39.19
GGOEYAAJ032515,YouTube Men's Short Sleeve Hero Tee Charcoal,Apparel,15.67
GGOEYAAJ032517,YouTube Men's Short Sleeve Hero Tee Charcoal,Apparel,15.67
GGOEAAEB031617,Android Men's 3/4 Sleeve Raglan Henley Black,Apparel,20.62
GGOEGAAQ010413,Google Men's 100% Cotton Short Sleeve Hero Tee White,Apparel,17.53
GGOEAAYJ068824,Android Youth Short Sleeve T-shirt Pewter,Apparel,15.67
GGOEGAAJ032615,Google Men's Short Sleeve Badge Tee Charcoal,Apparel,15.67
GGOEGAXJ065529,Google Toddler Short Sleeve T-shirt Grey,Apparel,14.02
GGOEGAXQ067155,Google Toddler Short Sleeve Tee White,Apparel,14.02
GGOEGAQB036013,Google Women's Fleece Hoodie,Apparel,46.21
GGOEGADC059514,Google Men's Microfiber 1/4 Zip Pullover Blue/Indigo,Apparel,61.89
GGOEGAYQ069025,Google Youth Short Sleeve Tee White,Apparel,19.59
GGOEAHPJ074410,Android Twill Cap,Apparel,11.34
GGOEAAFB035913,Android Men's  Zip Hoodie,Apparel,57.76
GGOEGAAJ073416,Google Men's Short Sleeve Hero Tee Heather,Apparel,15.67
GGOEGADB056916,Google Men's Performance Full Zip Jacket Black,Apparel,99.03
GGOEAAAB034816,Android BTTF Cosmos Graphic Tee,Apparel,20.62
GGOEGAEJ033315,Google Men's Long Sleeve Pullover Badge Tee Heather,Apparel,28.88
GGOEGAAB033815,Google Men's Vintage Badge Tee Black,Apparel,19.59
GGOEGALP036315,Google Women's Long Sleeve Tee Lavender,Apparel,19.8
GGOEGAAJ032316,Google Men's Short Sleeve Hero Tee Charcoal,Apparel,15.67
GGOEAAWC062450,Android Infant Short Sleeve Tee Aqua,Apparel,14.02
GGOEAAXN066328,Android Toddler Short Sleeve T-shirt Pink,Apparel,14.02
GGOEGAYB068025,Google Youth Baseball Raglan Heather/Black,Apparel,25.78
GGOEGAYL068125,Google Youth Sports Tee Navy,Apparel,22.69
GGOEYAYR068625,YouTube Youth Short Sleeve Tee Red,Apparel,19.59
GGOEAAWH061548,Android Onesie Sprout Green,Apparel,19.8
GGOEGAWH061348,Google Onesie Green,Apparel,19.8
GGOEYAWR062349,YouTube Infant Short Sleeve Tee Red,Apparel,14.02
GGOEYAEJ029013,YouTube Women's Short Sleeve Hero Tee Charcoal,Apparel,15.67
GGOEYAQB073213,YouTube Women's Fleece Hoodie Black,Apparel,46.21
GGOEGAAJ080614,Google Men's Bike Short Sleeve Tee Charcoal,Apparel,16.5
GGOEGAEA030413,Google Womens 3/4 Sleeve Baseball Raglan Heather/Black,Apparel,16.5
GGOEGAWR061153,Google Onesie Red,Apparel,19.8
GGOEGAEA030415,Google Womens 3/4 Sleeve Baseball Raglan Heather/Black,Apparel,20.62
GGOEGAEC033114,Google Men's Long Sleeve Raglan Ocean Blue,Apparel,25.78
GGOEGAEQ027915,Google Women's Short Sleeve Hero Tee White,Apparel,17.53
GGOEGAXQ067128,Google Toddler Short Sleeve Tee White,Apparel,17.53
GGOEYAQB073214,YouTube Women's Fleece Hoodie Black,Apparel,46.21
GGOEGAAL010614,Google Men's 100% Cotton Short Sleeve Hero Tee Navy,Apparel,14.02
GGOEGAAR010716,Google Men's 100% Cotton Short Sleeve Hero Tee Red,Apparel,14.02
GGOEGADJ056817,Google Men's Watershed Full Zip Hoodie Grey,Apparel,113.47
GGOEGAEJ031317,Google Tri-blend Hoodie Grey,Apparel,41.26
GGOEGAFB035817,Google Men's  Zip Hoodie,Apparel,57.76
GGOEYAAB034613,YouTube Men's Vintage Tee,Apparel,15.67
GGOEYAAB034614,YouTube Men's Vintage Tee,Apparel,15.67
GGOEYAAB034615,YouTube Men's Vintage Tee,Apparel,15.67
GGOEYAAB034616,YouTube Men's Vintage Tee,Apparel,15.67
GGOEYAAB034617,YouTube Men's Vintage Tee,Apparel,15.67
GGOEYAEJ029513,YouTube Women's Short Sleeve Tri-blend Badge Tee Charcoal,Apparel,15.67
GGOEYAEJ029514,YouTube Women's Short Sleeve Tri-blend Badge Tee Charcoal,Apparel,15.67
GGOEYAEJ029515,YouTube Women's Short Sleeve Tri-blend Badge Tee Charcoal,Apparel,15.67
GGOEGAAB010514,Google Men's 100% Cotton Short Sleeve Hero Tee Black,Apparel,14.02
GGOEYAAQ031714,YouTube Men's Short Sleeve Hero Tee White,Apparel,14.02
GGOEGAYH068424,Google Youth Short Sleeve T-shirt Green,Apparel,19.59
GGOEAAEJ030916,Android Women's Long Sleeve Blended Cardigan Grey,Apparel,24.75
GGOEGAEJ031316,Google Tri-blend Hoodie Grey,Apparel,33.0
GGOEGADB056715,Men's Softshell Jacket Black/Grey,Apparel,81.7
GGOEGAAJ057015,Google Men's Short Sleeve Performance Badge Tee Charcoal,Apparel,45.38
GGOEGALB036514,Google Women's Scoop Neck Tee Black,Apparel,16.5
GGOEYAAJ032516,YouTube Men's Short Sleeve Hero Tee Charcoal,Apparel,19.59
GGOEGAEC029116,Google Women's Short Sleeve Hero Tee Sky Blue,Apparel,15.67
GGOEGAQB036016,Google Women's Fleece Hoodie,Apparel,46.21
GGOEGADJ059415,Google Men's Microfiber 1/4 Zip Pullover Grey/Black,Apparel,61.89
GGOEGAPB058613,Google Women's Yoga Jacket Black,Apparel,86.65
GGOEGAPB058614,Google Women's Yoga Jacket Black,Apparel,86.65
GGOEGAWC062849,Google Infant Zip Hood Royal Blue,Apparel,31.35
GGOEGAXJ065729,Google Toddler 1/4 Zip Fleece Pewter,Apparel,31.35
GGOEGAXL065929,Google Toddler Raglan Shirt Blue Heather/Navy,Apparel,19.8
GGOEGAXL065955,Google Toddler Raglan Shirt Blue Heather/Navy,Apparel,19.8
GGOEGAYB068024,Google Youth Baseball Raglan Heather/Black,Apparel,20.62
GGOEGAYQ068925,Google Youth Girl Hoodie,Apparel,36.31
GGOEGAXC065229,Google Toddler Short Sleeve T-shirt Royal Blue,Apparel,17.53
GGOEAAXJ066228,Android Toddler Short Sleeve T-shirt Pewter,Apparel,14.02
GGOEGAFB035814,Google Men's  Zip Hoodie,Apparel,46.21
GGOEGALJ036414,Google Women's Tee Grey,Apparel,24.75
GGOEGAER029716,Google Women's Short Sleeve Hero Tee Red Heather,Apparel,15.67
GGOEGAER029713,Google Women's Short Sleeve Hero Tee Red Heather,Apparel,19.59
GGOEAAAJ032415,Android Men's Short Sleeve Tri-blend Hero Tee Grey,Apparel,19.59
GGOEAAWJ062549,Android Infant Short Sleeve Tee Pewter,Apparel,17.53
GGOEGAWR061849,Google Infant Short Sleeve Tee Red,Apparel,17.53
GGOEYAWJ061448,YouTube Onesie Heather,Apparel,24.75
GGOEGAQB036017,Google Women's Fleece Hoodie,Apparel,57.76
GGOEGALQ034213,Google Women's Vintage Hero Tee White,Apparel,19.59
GGOEYAAB031815,YouTube Men's Short Sleeve Hero Tee Black,Apparel,17.53
GGOEGADJ059716,Google Men's Quilted Insulated Vest Battleship Grey,Apparel,77.36
GGOEGAER035514,Google Men's Vintage Tank,Apparel,21.65
GGOEGALB034113,Google Women's Vintage Hero Tee Black,Apparel,19.59
GGOEGAEJ031313,Google Tri-blend Hoodie Grey,Apparel,33.0
GGOEGAEJ031314,Google Tri-blend Hoodie Grey,Apparel,33.0
GGOEGADC059314,Google Men's Airflow 1/4 Zip Pullover Lapis,Apparel,72.2
GGOEGAEB027816,Google Women's Short Sleeve Hero Tee Black,Apparel,14.02
GGOEAAFB035915,Android Men's  Zip Hoodie,Apparel,46.21
GGOEAAEJ035713,Android Men's Vintage Tank,Apparel,17.32
GGOEGADB059613,Google Men's Quilted Insulated Vest Black,Apparel,61.89
GGOEGAWH061349,Google Onesie Green,Apparel,19.8
GGOEGAWR061149,Google Onesie Red,Apparel,19.8
GGOEGAPB058215,Google Women's Lightweight Microfleece Jacket,Apparel,61.89
GGOEGAXL065930,Google Toddler Raglan Shirt Blue Heather/Navy,Apparel,19.8
GGOEGAWC062850,Google Infant Zip Hood Royal Blue,Apparel,31.35
GGOEGAAB010513,Google Men's 100% Cotton Short Sleeve Hero Tee Black,Apparel,14.02
GGOEGAXJ065728,Google Toddler 1/4 Zip Fleece Pewter,Apparel,31.35
GGOEGAXL065928,Google Toddler Raglan Shirt Blue Heather/Navy,Apparel,19.8
GGOEAAFB035914,Android Men's  Zip Hoodie,Apparel,46.21
GGOEYAFB073117,YouTube Men's Fleece Hoodie Black,Apparel,46.21
GGOEGAEB031516,Google 3/4 Sleeve Raglan Badge Henley Black,Apparel,23.92
GGOEGAAJ080613,Google Men's Bike Short Sleeve Tee Charcoal,Apparel,16.5
GGOEGAEB031513,Google 3/4 Sleeve Raglan Badge Henley Black,Apparel,23.92
GGOEGAFB035813,Google Men's  Zip Hoodie,Apparel,46.21
GGOEGAEJ035314,Google Vintage Henley Grey/Black,Apparel,24.75
GGOEGAER033213,Google Men's Long Sleeve Raglan Cranberry,Apparel,20.62
GGOEAAEB031213,Android Heavyweight Long Sleeve Badge Tee Black,Apparel,41.26
GGOEGAAJ032315,Google Men's Short Sleeve Hero Tee Charcoal,Apparel,19.59
GGOEGAWC061249,Google Onesie Royal Blue,Apparel,19.8
GGOEGADB057316,Google Men's Lightweight Microfleece Jacket Black,Apparel,61.89
GGOEGALJ036417,Google Women's Tee Grey,Apparel,19.8
GGOEGAWR061050,Google Onesie Red/Graphite,Apparel,19.8
GGOEGAXC065655,Google Toddler Hoodie Royal Blue,Apparel,31.35
GGOEGAXJ065755,Google Toddler 1/4 Zip Fleece Pewter,Apparel,31.35
GGOEAAAB034914,Android BTTF Moonshot Graphic Tee,Apparel,20.62
GGOEAAAJ032414,Android Men's Short Sleeve Tri-blend Hero Tee Grey,Apparel,19.59
GGOEYAQB073215,YouTube Women's Fleece Hoodie Black,Apparel,46.21
GGOEYAFB073114,YouTube Men's Fleece Hoodie Black,Apparel,46.21
GGOEGAAR010713,Google Men's 100% Cotton Short Sleeve Hero Tee Red,Apparel,17.53
GGOEGAWR061148,Google Onesie Red,Apparel,19.8
GGOEYAEJ029014,YouTube Women's Short Sleeve Hero Tee Charcoal,Apparel,15.67
GGOEYAEJ033514,YouTube Men's Long Sleeve Pullover Badge Tee Heather,Apparel,28.88
GGOEYAEJ033515,YouTube Men's Long Sleeve Pullover Badge Tee Heather,Apparel,28.88
GGOEGADJ056816,Google Men's Watershed Full Zip Hoodie Grey,Apparel,90.77
GGOEGAAJ073015,Google Men's Performance Hero Tee Gunmetal,Apparel,18.15
GGOEGAAJ032314,Google Men's Short Sleeve Hero Tee Charcoal,Apparel,19.59
GGOEGALH036714,Google Women's Scoop Neck Tee Green,Apparel,20.62
GGOEGALH036715,Google Women's Scoop Neck Tee Green,Apparel,20.62
GGOEGADB059617,Google Men's Quilted Insulated Vest Black,Apparel,77.36
GGOEGAUC057714,Google Women's Performance Golf Polo Blue,Apparel,59.83
GGOEGADB057314,Google Men's Lightweight Microfleece Jacket Black,Apparel,61.89
GGOEYAYR068656,YouTube Youth Short Sleeve Tee Red,Apparel,19.59
GGOEAAAB034815,Android BTTF Cosmos Graphic Tee,Apparel,16.5
GGOEAAFB035917,Android Men's  Zip Hoodie,Apparel,57.76
GGOEAAQB036115,Android Women's Fleece Hoodie,Apparel,46.21
GGOEGAAL059015,Google Men's Short Sleeve Performance Badge Tee Navy,Apparel,18.15
GGOEGAAL059017,Google Men's Short Sleeve Performance Badge Tee Navy,Apparel,18.15
GGOEAAAB034917,Android BTTF Moonshot Graphic Tee,Apparel,16.5
GGOEAAAC080916,Android Lifted Men's Short Sleeve Tee Blue,Apparel,16.5
GGOEAAAL081116,Android Men's Pep Rally Short Sleeve Tee Navy,Apparel,16.5
GGOEAAAB081015,Android Men's Outerstellar Short Sleeve Tee Black,Apparel,20.62
GGOEAAAP081215,Android Men's Take Charge Short Sleeve Tee Purple,Apparel,20.62
GGOEAAEB031215,Android Heavyweight Long Sleeve Badge Tee Black,Apparel,41.26
GGOEGADB056716,Men's Softshell Jacket Black/Grey,Apparel,102.12
GGOEGADB057317,Google Men's Lightweight Microfleece Jacket Black,Apparel,61.89
GGOEAAAJ080814,Android Men's Engineer Short Sleeve Tee Charcoal,Apparel,20.62
GGOEGAAJ080715,Google Men's Around The Block Short Sleeve Tee Ash,Apparel,20.62
GGOEGAAQ010416,Google Men's 100% Cotton Short Sleeve Hero Tee White,Apparel,14.02
GGOEGAFJ036213,Google Men's Pullover Hoodie Grey,Apparel,42.91
GGOEGAYT068556,Google Youth Short Sleeve T-shirt Yellow,Apparel,15.67
GGOEYAFB073116,YouTube Men's Fleece Hoodie Black,Apparel,57.76
GGOEGAAJ032715,Google Men's Skater Tee Grey,Apparel,20.62
GGOEGAAB033814,Google Men's Vintage Badge Tee Black,Apparel,15.67
GGOEGAAJ057014,Google Men's Short Sleeve Performance Badge Tee Charcoal,Apparel,45.38
GGOEGAAL059014,Google Men's Short Sleeve Performance Badge Tee Navy,Apparel,18.15
GGOEGAAB058916,Google Men's Short Sleeve Performance Badge Tee Black,Apparel,18.15
GGOEAAAC080915,Android Lifted Men's Short Sleeve Tee Blue,Apparel,16.5
GGOEYAWR062350,YouTube Infant Short Sleeve Tee Red,Apparel,17.53
GGOEGAAJ032617,Google Men's Short Sleeve Badge Tee Charcoal,Apparel,19.59
GGOEGAEA030416,Google Womens 3/4 Sleeve Baseball Raglan Heather/Black,Apparel,20.62
GGOEAAAL081117,Android Men's Pep Rally Short Sleeve Tee Navy,Apparel,16.5
GGOEYAAB031817,YouTube Men's Short Sleeve Hero Tee Black,Apparel,14.02
GGOEGAAL010613,Google Men's 100% Cotton Short Sleeve Hero Tee Navy,Apparel,14.02
GGOEGAAB033816,Google Men's Vintage Badge Tee Black,Apparel,15.67
GGOEGAAC035014,Google Men's Bayside Graphic Tee,Apparel,20.62
GGOEGAEJ028016,Google Women's Short Sleeve Hero Tee Grey,Apparel,17.53
GGOEGAAB058918,Google Men's Short Sleeve Performance Badge Tee Black,Apparel,18.15
GGOEGAAL059018,Google Men's Short Sleeve Performance Badge Tee Navy,Apparel,18.15
GGOEGAAJ032614,Google Men's Short Sleeve Badge Tee Charcoal,Apparel,19.59
GGOEGADB056615,Men's Weatherblock Shell Jacket Black,Apparel,95.93
GGOEGADB056616,Men's Weatherblock Shell Jacket Black,Apparel,95.93
GGOEGALQ036614,Google Women's Scoop Neck Tee White,Apparel,20.62
GGOEGALQ036615,Google Women's Scoop Neck Tee White,Apparel,20.62
GGOEGALQ036616,Google Women's Scoop Neck Tee White,Apparel,20.62
GGOEGALQ036617,Google Women's Scoop Neck Tee White,Apparel,20.62
GGOEGAPB057815,Women's Performance Full Zip Jacket Black,Apparel,123.79
GGOEGAPB058213,Google Women's Lightweight Microfleece Jacket,Apparel,61.89
GGOEGAPB058217,Google Women's Lightweight Microfleece Jacket,Apparel,77.36
GGOEGAWR061850,Google Infant Short Sleeve Tee Red,Apparel,17.53
GGOEAAYJ068825,Android Youth Short Sleeve T-shirt Pewter,Apparel,15.67
GGOEAAYJ068826,Android Youth Short Sleeve T-shirt Pewter,Apparel,15.67
GGOEGAAB058914,Google Men's Short Sleeve Performance Badge Tee Black,Apparel,17.28
GGOEGAAB058915,Google Men's Short Sleeve Performance Badge Tee Black,Apparel,18.15
GGOEGALB059913,Google Women's Short Sleeve Performance Tee Black,Apparel,18.15
GGOEGALB059914,Google Women's Short Sleeve Performance Tee Black,Apparel,18.15
GGOEGALB059915,Google Women's Short Sleeve Performance Tee Black,Apparel,18.15
GGOEGAAJ080714,Google Men's Around The Block Short Sleeve Tee Ash,Apparel,20.62
GGOEGAPJ058014,Google Women's 1/4 Zip Jacket Charcoal,Apparel,113.47
GGOEAAAJ032417,Android Men's Short Sleeve Tri-blend Hero Tee Grey,Apparel,19.59
GGOEAAXJ066255,Android Toddler Short Sleeve T-shirt Pewter,Apparel,17.53
GGOEGAPB057813,Women's Performance Full Zip Jacket Black,Apparel,123.79
GGOEYAAB031813,YouTube Men's Short Sleeve Hero Tee Black,Apparel,17.53
GGOEGAYH067925,Google Youth Girl Tee Green,Apparel,15.67
GGOEGAAB058917,Google Men's Short Sleeve Performance Badge Tee Black,Apparel,22.69
GGOEGADB056617,Men's Weatherblock Shell Jacket Black,Apparel,95.93
GGOEGADB056717,Men's Softshell Jacket Black/Grey,Apparel,102.12
GGOEGAYQ068956,Google Youth Girl Hoodie,Apparel,36.31
GGOEGADB059614,Google Men's Quilted Insulated Vest Black,Apparel,77.36
GGOEGATB060215,Google Women's 1/4 Zip Performance Pullover Black,Apparel,67.05
GGOEGAYB068056,Google Youth Baseball Raglan Heather/Black,Apparel,25.78
GGOEYAEA035114,YouTube Men's Vintage Henley,Apparel,30.94
GGOEGARJ058413,Google Women's Yoga Pants,Apparel,81.7
GGOEGALP034313,Google Women's Vintage Hero Tee Lavender,Apparel,15.67
GGOEGADB056714,Men's Softshell Jacket Black/Grey,Apparel,81.7
GGOEAAEB031216,Android Heavyweight Long Sleeve Badge Tee Black,Apparel,41.26
GGOEGAEC029115,Google Women's Short Sleeve Hero Tee Sky Blue,Apparel,15.67
GGOEGAAH034016,Google Men's Vintage Badge Tee Sage,Apparel,15.67
GGOEGAYB068026,Google Youth Baseball Raglan Heather/Black,Apparel,25.78
GGOEGAYQ069026,Google Youth Short Sleeve Tee White,Apparel,19.59
GGOEGAAL059016,Google Men's Short Sleeve Performance Badge Tee Navy,Apparel,18.15
GGOEAAWC062448,Android Infant Short Sleeve Tee Aqua,Apparel,14.02
GGOEAAWN062648,Android Infant Short Sleeve Tee Pink,Apparel,14.02
GGOEGADJ056815,Google Men's Watershed Full Zip Hoodie Grey,Apparel,90.77
GGOEYAAJ032514,YouTube Men's Short Sleeve Hero Tee Charcoal,Apparel,19.59
GGOEGAAJ080716,Google Men's Around The Block Short Sleeve Tee Ash,Apparel,20.62
GGOEAAAJ080815,Android Men's Engineer Short Sleeve Tee Charcoal,Apparel,16.5
GGOEAAAJ080816,Android Men's Engineer Short Sleeve Tee Charcoal,Apparel,16.5
GGOEAAXJ066229,Android Toddler Short Sleeve T-shirt Pewter,Apparel,14.02
GGOEGAXH065329,Google Toddler Short Sleeve T-shirt Green,Apparel,14.02
GGOEGAER035515,Google Men's Vintage Tank,Apparel,21.65
GGOEYAEA035115,YouTube Men's Vintage Henley,Apparel,30.94
GGOEGAAJ080713,Google Men's Around The Block Short Sleeve Tee Ash,Apparel,16.5
GGOEYAYR068626,YouTube Youth Short Sleeve Tee Red,Apparel,19.59
GGOEGAER029715,Google Women's Short Sleeve Hero Tee Red Heather,Apparel,15.67
GGOEGALQ034215,Google Women's Vintage Hero Tee White,Apparel,19.59
GGOEGAAJ032716,Google Men's Skater Tee Grey,Apparel,16.5
GGOEGAEC029113,Google Women's Short Sleeve Hero Tee Sky Blue,Apparel,15.67
GGOEGADJ057116,Google Men's Performance 1/4 Zip Pullover Heather/Black,Apparel,90.77
GGOEAAQB036114,Android Women's Fleece Hoodie,Apparel,57.76
GGOEYAAQ031717,YouTube Men's Short Sleeve Hero Tee  White,Apparel,17.53
GGOEGAHB057416,Google Men's Performance Polo Grey/Black,Apparel,74.27
GGOEAAAQ032015,Android Men's Short Sleeve Hero Tee White,Apparel,17.53
GGOEGAAR010717,Google Men's 100% Cotton Short Sleeve Hero Tee Red,Apparel,17.53
GGOEGAER033214,Google Men's Long Sleeve Raglan Cranberry,Apparel,25.78
GGOEGAXT065429,Google Toddler Short Sleeve T-shirt Yellow,Apparel,17.53
GGOEYAXR066129,You Tube Toddler Short Sleeve Tee Red,Apparel,17.53
GGOEGAEJ035313,Google Vintage Henley Grey/Black,Apparel,30.94
GGOEGAPB058216,Google Women's Lightweight Microfleece Jacket,Apparel,77.36
GGOEAAEJ030913,Android Women's Long Sleeve Blended Cardigan Grey,Apparel,24.75
GGOEGAAJ032717,Google Men's Long & Lean Tee Grey,Apparel,20.62
GGOEGAAJ073417,Google Men's Short Sleeve Hero Tee Heather,Apparel,19.59
GGOEGAEB031515,Google 3/4 Sleeve Raglan Badge Henley Black,Apparel,25.78
GGOEAAAC080917,Android Lifted Men's Short Sleeve Tee Blue,Apparel,20.62
GGOEAAAJ080817,Android Men's Engineer Short Sleeve Tee Charcoal,Apparel,20.62
GGOEAAAP081217,Android Men's Take Charge Short Sleeve Tee Purple,Apparel,20.62
GGOEGAAL010617,Google Men's 100% Cotton Short Sleeve Hero Tee Navy,Apparel,17.53
GGOEGAWN062749,Google Infant Zip Hood Pink,Apparel,31.35
GGOEGAHB057414,Google Men's Performance Polo Grey/Black,Apparel,92.84
GGOEGATJ060516,Google Women's Quilted Insulated Vest White,Apparel,77.36
GGOEAAAL081115,Android Men's Pep Rally Short Sleeve Tee Navy,Apparel,16.5
GGOEYAAB031814,YouTube Men's Short Sleeve Hero Tee Black,Apparel,17.53
GGOEYAEA030513,YouTube Womens 3/4 Sleeve Baseball Raglan White/Black,Apparel,20.62
GGOEGAEQ027916,Google Women's Short Sleeve Hero Tee White,Apparel,14.02
GGOEGAWN062748,Google Infant Zip Hood Pink,Apparel,31.35
GGOEGAXQ067130,Google Toddler Short Sleeve Tee White,Apparel,14.02
GGOEGAXR065155,Google Toddler Short Sleeve Tee Red,Apparel,14.02
GGOEGAXC065628,Google Toddler Hoodie Royal Blue,Apparel,31.35
GGOEGADB056915,Google Men's Performance Full Zip Jacket Black,Apparel,99.03
GGOEGAEB027813,Google Women's Short Sleeve Hero Tee Black,Apparel,14.02
GGOEYAEJ029015,YouTube Women's Short Sleeve Hero Tee Charcoal,Apparel,15.67
GGOEGAEJ035315,Google Vintage Henley Grey/Black,Apparel,24.75
GGOEGADB059216,Google Men's Airflow 1/4 Zip Pullover Black,Apparel,72.2
GGOEGADC059315,Google Men's Airflow 1/4 Zip Pullover Lapis,Apparel,72.2
GGOEGALJ036415,Google Women's Tee Grey,Apparel,19.8
GGOEGALP036314,Google Women's Long Sleeve Tee Lavender,Apparel,19.8
GGOEGAWC062848,Google Infant Zip Hood Royal Blue,Apparel,31.35
GGOEGAWQ062248,Google Infant Short Sleeve Tee White,Apparel,14.02
GGOEGALB036513,Google Women's Scoop Neck Tee Black,Apparel,20.62
GGOEGALB036515,Google Women's Scoop Neck Tee Black,Apparel,20.62
GGOEGAWR061049,Google Onesie Red/Graphite,Apparel,19.8
GGOEGAEB031514,Google 3/4 Sleeve Raglan Badge Henley Black,Apparel,25.78
GGOEGAEJ030714,Google Men's 3/4 Sleeve Raglan Henley Grey,Apparel,25.78
GGOEGAEJ030715,Google Men's 3/4 Sleeve Raglan Henley Grey,Apparel,25.78
GGOEGAEJ030716,Google Men's 3/4 Sleeve Raglan Henley Grey,Apparel,25.78
GGOEGALJ036413,Google Women's Tee Grey,Apparel,24.75
GGOEGALJ036416,Google Women's Tee Grey,Apparel,24.75
GGOEGAWC061248,Google Onesie Royal Blue,Apparel,24.75
GGOEGAHB057417,Google Men's Performance Polo Grey/Black,Apparel,74.27
GGOEAAAB081017,Android Men's Outerstellar Short Sleeve Tee Black,Apparel,20.62
GGOEAAXC066429,Android Toddler Short Sleeve T-shirt Aqua,Apparel,17.53
GGOEGAWH061354,Google Onesie Green,Apparel,24.75
GGOEGAWC062149,Google Infant Short Sleeve Tee Cornflower Blue,Apparel,14.02
GGOEGBJL013999,Google Canvas Tote Natural/Navy,Bags,16.5
GGOEGBMJ013399,Sport Bag,Bags,5.15
GGOEGBJC019999,Collapsible Shopping Bag,Bags,5.15
GGOEGBJR018199,Reusable Shopping Bag,Bags,3.61
GGOEGBRJ037299,Google Alpine Style Backpack,Bags,82.52
GGOEGBPB021199,Google Slim Utility Travel Bag,Bags,12.37
GGOEGCMB020932,Suitcase Organizer Cubes,Bags,18.15
GGOEGBCR024399,Google Lunch Bag,Bags,11.54
GGOEGBRA037499,Waterproof Backpack,Bags,82.52
GGOEGBFC018799,Electronics Accessory Pouch,Bags,4.12
GGOEGBJC014399,Google Tote Bag,Bags,8.24
GGOEGCLB020832,Softsided Travel Pouch Set,Bags,9.07
GGOEGBMB073799,Google Zipper-front Sports Bag,Bags,20.62
GGOEGBRB013899,Google Laptop Backpack,Bags,82.52
GGOEGBRJ037399,Google Rucksack,Bags,72.2
GGOEGBJB022599,Large Zipper Top Tote Bag,Bags,28.88
GGOEGDHC018299,Google 22 oz Water Bottle,Drinkware,3.08
GGOEGDHG014499,Google Infuser-Top Water Bottle,Drinkware,10.31
GGOEGDWC020199,Engraved Ceramic Google Mug,Drinkware,9.27
GGOEADHB014799,Android Glass Water Bottle with Black Sleeve,Drinkware,13.4
GGOEADWQ015699,Android Rise 14 oz Mug,Drinkware,13.4
GGOEGDWR015799,Red Shine 15 oz Mug,Drinkware,10.72
GGOEGDHC015299,23 oz Wide Mouth Sport Bottle,Drinkware,8.72
GGOEGDHC074099,Google 17oz Stainless Steel Sport Bottle,Drinkware,15.67
GGOEGDHQ015399,26 oz Double Wall Insulated Bottle,Drinkware,19.83
GGOEYDHJ019399,24 oz YouTube Sergeant Stripe Bottle,Drinkware,6.59
GGOEGFYQ016599,Foam Can and Bottle Cooler,Drinkware,1.64
GGOEGDHQ014899,20 oz Stainless Steel Insulated Tumbler,Drinkware,20.62
GGOEGDHR018499,Google 22 oz Water Bottle,Drinkware,2.47
GGOEGDHB072099,Google Insulated Stainless Steel Bottle,Drinkware,16.5
GGOEGDHB071999,Google 40 oz Insulated Monster Bottle,Drinkware,28.05
GGOEGDHB072199,Google Accent Insulated Stainless Steel Bottle,Drinkware,25.78
GGOEGDHR082199,Google 25 oz Red Stainless Steel Bottle,Drinkware,14.43
GGOEADHJ015599,Android 24 oz Contigo Bottle,Drinkware,19.8
GGOEGFAQ016699,Bottle Opener Clip,Drinkware,3.61
GGOEGDHC082299,Google 25 oz Blue Stainless Steel Bottle,Drinkware,14.43
GGOEADHH082399,Android 25 oz Green Apple Stainless Steel Bottle,Drinkware,11.54
GGOEADHH073999,Android 17oz Stainless Steel Sport Bottle,Drinkware,15.67
GGOEGDHC022999,Insulated Bottle,Drinkware,18.15
GGOEGPJR018999,7&quot; Dog Frisbee,Lifestyle,1.24
GGOEGFQB013799,Compact Selfie Stick,Lifestyle,9.27
GGOEGFSR022099,Google Kick Ball,Lifestyle,1.64
GGOEGPJC019099,7&quot; Dog Frisbee,Lifestyle,1.24
GGOEGCNB021099,Seat Pack Organizer,Lifestyle,12.37
GGOEGHGC019799,Google Sunglasses,Lifestyle,3.61
GGOEGHGH019699,Google Sunglasses,Lifestyle,3.61
GGOEGHGT019599,Google Sunglasses,Lifestyle,3.61
GGOEGBRC021399,Yoga Mat Blue,Lifestyle,27.84
GGOEGHGR019499,Google Sunglasses,Lifestyle,3.61
GGOEGCBN016899,Google Pet Feeding Mat,Lifestyle,7.21
GGOEGCKQ013199,1 oz Hand Sanitizer,Lifestyle,2.05
GGOEGCVB072399,Google Executive Umbrella,Lifestyle,28.88
GGOEAKDH019899,Windup Android,Lifestyle,3.29
GGOEGPXC023299,Google Collapsible Pet Bowl,Lifestyle,4.12
GGOEGPJC203399,Crunch Noise Dog Toy,Lifestyle,4.12
GGOEGCBC016999,Google Pet Feeding Mat,Lifestyle,5.77
GGOEACCQ017299,Android Lunch Kit,Lifestyle,14.85
GGOEGBRP037599,Yoga Mat Purple,Lifestyle,22.27
GGOEGAYR023499,Straw Beach Mat,Lifestyle,8.24
GGOEWEBB082699,Waze Mobile Phone Vent Mount,Waze,7.21
GGOEWFKA083299,Waze Mood Ninja Window Decal,Waze,1.64
GGOEWAAJ082815,Waze Men's Short Sleeve Tee,Waze,19.59
GGOEWFKA083199,Waze Mood Original Window Decal,Waze,2.05
GGOEWFKA082999,Waze Baby on Board Window Decal,Waze,3.08
GGOEWFKA083099,Waze Mood Happy Window Decal,Waze,2.05
GGOEWAAJ083515,Waze Men's Typography Short Sleeve Tee,Waze,15.67
GGOEWALJ082715,Waze Women's Short Sleeve Tee,Waze,15.67
GGOEWAAJ083514,Waze Men's Typography Short Sleeve Tee,Waze,15.67
GGOEWAAJ082816,Waze Men's Short Sleeve Tee,Waze,19.59
GGOEWALJ083416,Waze Women's Typography Short Sleeve Tee,Waze,15.67
GGOEWAAJ082817,Waze Men's Short Sleeve Tee,Waze,15.67
GGOEGHPA002910,Google Trucker Hat,Headgear,22.69
GGOEGHPA003010,Google Wool Heather Cap Heather/Navy,Headgear,20.62
GGOEAHPJ004314,Android Stretch Fit Hat M/L,Headgear,18.15
GGOEGHPJ080310,Google Blackout Cap,Headgear,15.67
GGOEGHPJ080010,Google French Terry Cap,Headgear,19.59
GGOEYHPA003510,YouTube Trucker Hat,Headgear,22.69
GGOEGHPJ080110,Google 5-Panel Cap,Headgear,15.67
GGOEYHPA003610,YouTube Wool Heather Cap Heather/Black,Headgear,25.78
GGOEGHPL003113,Google Stretch Fit Hat S/M Navy,Headgear,22.69
GGOEGHPL003214,Google Stretch Fit Hat M/L Navy,Headgear,18.15
GGOEGHPL003315,Google Stretch Fit Hat L/XL Navy,Headgear,18.15
GGOEYOCR078099,YouTube Spiral Journal with Pen,Notebooks & Journals,7.93
GGOEGOCC077299,Google RFID Journal,Notebooks & Journals,15.96
GGOEGOCL077699,Google Hard Cover Journal,Notebooks & Journals,15.46
GGOEYOCR077399,YouTube RFID Journal,Notebooks & Journals,16.5
GGOEGOCC077999,Google Spiral Journal with Pen,Notebooks & Journals,10.31
GGOEYOCR077799,YouTube Hard Cover Journal,Notebooks & Journals,12.37
GGOEGOCD078199,Google Leather Journal-Brown,Notebooks & Journals,26.18
GGOEA0CH077599,Android Hard Cover Journal,Notebooks & Journals,15.46
GGOEGOCD078399,Google Leather Perforated Journal,Notebooks & Journals,46.41
GGOEAOCB077499,Android RFID Journal,Notebooks & Journals,20.62
GGOENEBB081499,Nest Cam Indoor Security Camera - CA,Nest-Canada,153.71
GGOENEBJ081899,Nest Learning Thermostat 3rd Gen - CA - Stainless Steel,Nest-Canada,205.3
GGOENEBQ081599,Nest Cam Outdoor Security Camera - CA,Nest-Canada,153.71
GGOENEBQ081799,Nest Protect Smoke + CO White Wired Alarm - CA,Nest-Canada,107.29
GGOENEBQ081699,Nest Protect Smoke + CO White Battery Alarm - CA,Nest-Canada,107.29
GGOEADHH055999,22 oz Android Bottle,Bottles,2.39
GGOEYDHJ056099,22 oz YouTube Bottle Infuser,Bottles,4.12
GGOEGGCX056499,Gift Card - $50.00,Gift Cards,51.58
GGOEGGCX056199,Gift Card- $100.00,Gift Cards,103.16
GGOEGGCX056299,Gift Card - $25.00,Gift Cards,25.79
GGOEGCBQ016499,SPF-15 Slim & Slender Lip Balm,Housewares,2.06
GGOEAAAH083315,Android Men's Paradise Short Sleeve Tee Olive,Android,16.5
GGOEAAAH083314,Android Men's Paradise Short Sleeve Tee Olive,Android,20.62
GGOENEBD084799,Nest Learning Thermostat 3rd Gen-USA - Copper,Nest-USA,151.88
GGOENEBQ084699,Nest Learning Thermostat 3rd Gen-USA - White,Nest-USA,151.88
GGOEGOCL087799,Google Large Standard Journal Navy,Office,13.04
GGOEGOCJ093999,Google Large Standard Journal Grey,Office,16.3
GGOEYAEB091813,YouTube Tee Black,Apparel,22.41
GGOEGAET090514,Google Tee Yellow,Apparel,17.93
GGOEGALJ091014,Google Women's Tee Grey,Apparel,17.93
GGOEGAEH090616,Google Tee Green,Apparel,17.93
GGOEGAEJ028116,Google Women's Short Sleeve Badge Tee Grey,Apparel,4.33
GGOEGAEQ027917,Google Women's Short Sleeve Hero Tee White,Apparel,4.33
GGOEGALJ073317,Google Women's Short Sleeve Hero Tee Heather,Apparel,4.84
GGOEGAEH090612,Google Tee Green,Apparel,17.93
GGOEGAXB089255,Google Trike Tee Black,Apparel,16.3
GGOEGAUC057713,Google Women's Performance Golf Polo Blue,Apparel,11.82
GGOEGAEJ028115,Google Women's Short Sleeve Badge Tee Grey,Apparel,3.47
GGOEGAEC090713,Google Tee Blue,Apparel,17.93
GGOEYAEB091814,YouTube Tee Black,Apparel,17.93
GGOEYALQ091914,YouTube Women's Favorite Tee White,Apparel,17.93
GGOEGAET090515,Google Tee Yellow,Apparel,22.41
GGOEGAEH090614,Google Tee Green,Apparel,17.93
GGOEGAEH090617,Google Tee Green,Apparel,17.93
GGOEGALL093216,Google Women's Coder Tee Navy,Apparel,17.93
GGOEGAET090512,Google Tee Yellow,Apparel,22.41
GGOEYAEB091816,YouTube Tee Black,Apparel,22.41
GGOEGAEL091316,Google Crewneck Sweatshirt Navy,Apparel,52.99
GGOEAALB091514,Android Women's Peace Tee Black,Apparel,17.93
GGOEAALB091515,Android Women's Peace Tee Black,Apparel,17.93
GGOEGALJ091015,Google Women's Tee Grey,Apparel,17.93
GGOEGAXL089430,Google Protector Tee Navy,Apparel,20.38
GGOEAAEB091712,Android Tone Hoodie Black,Apparel,48.92
GGOEAAEQ091614,Android Matrix Tee White,Apparel,17.93
GGOEYAEJ092116,YouTube 3 lines Tee Grey,Apparel,22.41
GGOEYAEB091812,YouTube Tee Black,Apparel,17.93
GGOEYALQ091915,YouTube Women's Favorite Tee White,Apparel,17.93
GGOEYAXQ089529,YouTube Kids Tee White,Apparel,16.3
GGOEYAXQ089555,YouTube Kids Tee White,Apparel,16.3
GGOEGAEL091314,Google Crew Sweater Navy,Apparel,42.39
GGOEYAEB091818,YouTube Tee Black,Apparel,22.41
GGOEYALQ091913,YouTube Women's Favorite Tee White,Apparel,17.93
GGOEGAEC090717,Google Tee Blue,Apparel,17.93
GGOEGAET090513,Google Tee Yellow,Apparel,17.93
GGOEGAET090516,Google Tee Yellow,Apparel,17.93
GGOEGALJ091013,Google Women's Tee Grey,Apparel,17.93
GGOEGAEC090714,Google Tee Blue,Apparel,22.41
GGOEGAEH090613,Google Tee Green,Apparel,22.41
GGOEGAYR068225,Google Youth Short Sleeve Tee Red,Apparel,3.87
GGOEGAEC029117,Google Women's Short Sleeve Hero Tee Sky Blue,Apparel,4.84
GGOEGALJ073316,Google Women's Short Sleeve Hero Tee Heather,Apparel,3.87
GGOEGAEL091318,Google Crew Sweater Navy,Apparel,52.99
GGOEGAEC090715,Google Tee Blue,Apparel,22.41
GGOEGALJ073314,Google Women's Short Sleeve Hero Tee Heather,Apparel,4.84
GGOEAAAB034814,Android BTTF Cosmos Graphic Tee,Apparel,4.08
GGOEGAER090414,Google Tee Red,Apparel,17.93
GGOEGADB056917,Google Men's Performance Full Zip Jacket Black,Apparel,24.46
GGOEGAYR068256,Google Youth Short Sleeve Tee Red,Apparel,3.87
GGOEGAEH090615,Google Tee Green,Apparel,17.93
GGOEGAEL091313,Google Crew Sweater Navy,Apparel,42.39
GGOEGAYR068226,Google Youth Short Sleeve Tee Red,Apparel,4.84
GGOEGAEC090716,Google Tee Blue,Apparel,22.41
GGOEAAEQ091616,Android Matrix Tee White,Apparel,17.93
GGOEYAEB091815,YouTube Tee Black,Apparel,22.41
GGOEGAAJ032816,Google Men's Long & Lean Tee Charcoal,Apparel,4.89
GGOEGATH060714,Google Women's Convertible Vest-Jacket Sea Foam Green,Apparel,24.22
GGOEGAEC090712,Google Tee Blue,Apparel,17.93
GGOEGAXP089355,Google Flower Tee Purple,Apparel,16.3
GGOEGAXB089228,Google Trike Tee Black,Apparel,16.3
GGOEAAEB091713,Android Tone Hoodie Black,Apparel,48.92
GGOEGAEH090618,Google Tee Green,Apparel,17.93
GGOEGAUC057715,Google Women's Performance Golf Polo Blue,Apparel,14.78
GGOEGAXB089229,Google Trike Tee Black,Apparel,16.3
GGOEGAWH062050,Google Infant Short Sleeve Tee Green,Apparel,3.47
GGOEGAET090517,Google Tee Yellow,Apparel,17.93
GGOEAAEB091714,Android Tone Hoodie Black,Apparel,61.15
GGOEAALB091513,Android Women's Peace Tee Black,Apparel,22.41
GGOEGAEB091115,Google Zip Hoodie Black,Apparel,61.15
GGOEAAEB091716,Android Tone Hoodie Black,Apparel,48.92
GGOEAAEB091717,Android Tone Hoodie Black,Apparel,48.92
GGOEGAEB090914,Google Braille Tee Black,Apparel,17.93
GGOEGAEC090718,Google Tee Blue,Apparel,17.93
GGOEGAEL091317,Google Crew Sweater Navy,Apparel,42.39
GGOEAAEB091718,Android Tone Hoodie Black,Apparel,48.92
GGOEGAXP089330,Google Flower Tee Purple,Apparel,16.3
GGOEGAEB091114,Google Zip Hoodie Black,Apparel,48.92
GGOEGAEB090913,Google Braille Tee Black,Apparel,17.93
GGOEAAEB091715,Android Tone Hoodie Black,Apparel,61.15
GGOEYAEJ092114,YouTube 3 lines Tee Grey,Apparel,17.93
GGOEYAEJ092118,YouTube 3 lines Tee Grey,Apparel,22.41
GGOEGAXL089455,Google Protector Tee Navy,Apparel,20.38
GGOEAAEQ091613,Android Matrix Tee White,Apparel,17.93
GGOEYAEJ029517,YouTube Women's Short Sleeve Tri-blend Badge Tee Charcoal,Apparel,3.87
GGOEGAEL091315,Google Crew Sweater Navy,Apparel,52.99
GGOEYAEJ092113,YouTube 3 lines Tee Grey,Apparel,22.41
GGOEGAXP089329,Google Flower Tee Purple,Apparel,16.3
GGOEGAEL091312,Google Crewneck Sweatshirt Navy,Apparel,52.99
GGOEAALJ091413,Android Women's Dash Tee Grey,Apparel,17.93
GGOEGAEB091116,Google Zip Hoodie Black,Apparel,61.15
GGOEGAEB090912,Google Braille Tee Black,Apparel,22.41
GGOEGAEB090916,Google Braille Tee Black,Apparel,17.93
GGOEGAEB091117,Google Zip Hoodie Black,Apparel,48.92
GGOEGALL093214,Google Women's Coder Tee Navy,Apparel,17.93
GGOEGAEB091113,Google Zip Hoodie Black,Apparel,48.92
GGOEYAEB091817,YouTube Tee Black,Apparel,22.41
GGOEGALJ091016,Google Women's Tee Grey,Apparel,22.41
GGOEGAWH062049,Google Infant Short Sleeve Tee Green,Apparel,3.47
GGOEGAUC057716,Google Women's Performance Golf Polo Blue,Apparel,14.78
GGOEGAWH062048,Google Infant Short Sleeve Tee Green,Apparel,3.47
GGOEYAXB089655,YouTube Kids Tee Black,Apparel,16.3
GGOEYAXQ089528,YouTube Kids Tee White,Apparel,16.3
GGOEGAXP089328,Google Flower Tee Purple,Apparel,16.3
GGOEGAEB090917,Google Braille Tee Black,Apparel,17.93
GGOEGAXL089429,Google Protector Tee Navy,Apparel,16.3
GGOEAAEQ091615,Android Matrix Tee White,Apparel,22.41
GGOEAAEQ091617,Android Matrix Tee White,Apparel,17.93
GGOEYAXB089629,YouTube Kids Tee Black,Apparel,16.3
GGOEYAXB089630,YouTube Kids Tee Black,Apparel,16.3
GGOEYAWQ089749,YouTube Kids Onesie White,Apparel,21.19
GGOEGAEB090915,Google Braille Tee Black,Apparel,22.41
GGOEGAPB057614,Google Women's Softshell Jacket Black/Grey,Apparel,22.02
GGOEAAAB034813,Android BTTF Cosmos Graphic Tee,Apparel,4.08
GGOEYAEJ092115,YouTube 3 lines Tee Grey,Apparel,21.97
GGOEYAEJ092117,YouTube 3 lines Tee Grey,Apparel,21.87
GGOEYAWQ089748,YouTube Kids Onesie White,Apparel,26.49
GGOEYAWQ089750,YouTube Kids Onesie White,Apparel,26.49
GGOEGAXL089428,Google Protector Tee Navy,Apparel,16.3
GGOEAAEQ091612,Android Matrix Tee White,Apparel,22.41
GGOEAAEQ091618,Android Matrix Tee White,Apparel,22.41
GGOEAALJ091414,Android Women's Dash Tee Grey,Apparel,17.93
GGOEGAAC035015,Google Men's Bayside Graphic Tee,Apparel,16.3
GGOEGAEB091112,Google Zip Hoodie Black,Apparel,48.92
GGOEGAEB091118,Google Zip Hoodie Black,Apparel,61.15
GGOEGAXB089230,Google Trike Tee Black,Apparel,20.38
GGOEGDHJ087399,Google Rolltop Backpack Blue,Bags,122.31
GGOEGDHH087299,Google Thermal Bottle Green,Drinkware,19.56
GGOEGDHT087199,Google Thermal Bottle Yellow,Drinkware,19.56
GGOEGDHC087099,Google Thermal Bottle Blue,Drinkware,24.45
GGOEGDHR086999,Google Thermal Bottle Red,Drinkware,24.45
GGOEGDHQ086199,Google White Force 17 oz Bottle,Drinkware,24.45
GGOEGDWQ087699,Google Hub Mug White,Drinkware,10.59
GGOEWALJ082713,Waze Women's Short Sleeve Tee,Waze,19.36
GGOEWAAJ082813,Waze Men's Short Sleeve Tee,Waze,19.36
GGOEWAAJ083513,Waze Men's Typography Short Sleeve Tee,Waze,19.36
GGOEWAAJ082814,Waze Men's Short Sleeve Tee,Waze,15.48
GGOEWALJ083414,Waze Women's Typography Short Sleeve Tee,Waze,19.36
GGOEWAAJ083516,Waze Men's Typography Short Sleeve Tee,Waze,19.36
GGOEWAEA083899,Waze Dress Socks,Waze,9.16
GGOEGAPL087999,Google Snapback Navy Cap,Headgear,16.3
GGOEGAPB087899,Google Snapback Black Cap,Headgear,20.38
GGOEYOCB092699,YouTube Transmission Journal Black,Notebooks & Journals,17.93
GGOENEBQ086799,Nest Thermostat E - USA,Nest,100.91
GGOENEBQ086499,Nest Cam IQ - USA,Nest,202.84
GGOENEBQ093599,Nest Tag - USA,Nest,20.39
GGOENEBQ092299,Nest Secure Alarm System Starter Pack - USA,Nest,355.74
GGOENEBQ093499,Nest Detect - USA,Nest,49.95
GGOENEBQ086899,Nest  Thermostat E - CA,Nest,151.88
GGOENEBQ086599,Nest Cam IQ - CA,Nest,274.19
GGOEAFKA087499,Android Small Removable Sticker Sheet,Accessories,3.05
GGOEAFKA087599,Android Large Removable Sticker Sheet,Accessories,3.05
GGOEGFKA086699,Google Emoji Sticker Pack,Accessories,5.09
GGOEWCKQ085457,Waze Pack of 9 Decal Set,Accessories,13.85
GGOEGADJ056814,Google Men's Watershed Full Zip Hoodie Grey,Apparel,44.0
GGOEGALB034116,Google Women's Vintage Hero Tee Black,Apparel,4.56
GGOEGAEB084514,BLM Sweatshirt,Apparel,33.59
GGOEAAEJ035714,Android Men's Vintage Tank,Apparel,8.4
GGOEAAWJ062550,Android Infant Short Sleeve Tee Pewter,Apparel,13.59
GGOEGALJ057912,Google Women's Short Sleeve Performance Tee Charcoal,Apparel,22.0
GGOEGAPB058612,Google Women's Yoga Jacket Black,Apparel,42.0
GGOEGADC059317,Google Men's Airflow 1/4 Zip Pullover Lapis,Apparel,34.99
GGOEGAEC033117,Google Men's Long Sleeve Raglan Ocean Blue,Apparel,17.49
GGOEYAEJ029016,YouTube Women's Short Sleeve Hero Tee Charcoal,Apparel,15.19
GGOEYAEJ029017,YouTube Women's Short Sleeve Hero Tee Charcoal,Apparel,15.19
GGOEAAEH035213,Android Men's Vintage Henley,Apparel,7.2
GGOEGAEJ028013,Google Women's Short Sleeve Hero Tee Grey,Apparel,4.08
GGOEGAXJ065555,Google Toddler Short Sleeve T-shirt Grey,Apparel,9.51
GGOEYAEB035616,YouTube Men's Vintage Tank,Apparel,8.4
GGOEAHPB076115,Android Stretch Fit Hat,Apparel,12.31
GGOEGAWR061848,Google Infant Short Sleeve Tee Red,Apparel,13.59
GGOEGALB034114,Google Women's Vintage Hero Tee Black,Apparel,4.56
GGOEGAAJ032814,Google Men's Long & Lean Tee Charcoal,Apparel,4.8
GGOEGAEJ030815,Google Women's Long Sleeve Blended Cardigan Charcoal,Apparel,16.79
GGOEGAXQ067129,Google Toddler Short Sleeve Tee White,Apparel,13.59
GGOEAAEJ033415,Android Men's Long Sleeve Badge Crew Tee Heather,Apparel,8.4
GGOEGAAJ032813,Google Men's Long & Lean Tee Charcoal,Apparel,4.8
GGOEGAAJ059115,Google Men's Short Sleeve Performance Badge Tee Pewter,Apparel,8.8
GGOEGAEJ028014,Google Women's Short Sleeve Hero Tee Grey,Apparel,4.08
GGOEYAEA035113,YouTube Men's Vintage Henley,Apparel,12.0
GGOEYAFB073113,YouTube Men's Fleece Hoodie Black,Apparel,31.35
GGOEGAWC061948,Google Infant Short Sleeve Tee Royal Blue,Apparel,13.59
GGOEGALB034115,Google Women's Vintage Hero Tee Black,Apparel,4.56
GGOEGALB034117,Google Women's Vintage Hero Tee Black,Apparel,5.7
GGOEAAAP081214,Android Men's Take Charge Short Sleeve Tee Purple,Apparel,8.0
GGOEAHPB076114,Android Stretch Fit Hat,Apparel,12.31
GGOEGATB060213,Google Women's 1/4 Zip Performance Pullover Black,Apparel,26.0
GGOEAAAJ032917,Android Men's Long & Lean Badge Tee Charcoal,Apparel,4.8
GGOEGAEJ028114,Google Women's Short Sleeve Badge Tee Grey,Apparel,4.08
GGOEGAPB058616,Google Women's Yoga Jacket Black,Apparel,42.0
GGOEGAAJ032313,Google Men's Short Sleeve Hero Tee Charcoal,Apparel,10.63
GGOEGALP034315,Google Women's Vintage Hero Tee Lavender,Apparel,7.6
GGOEAAAL081114,Android Men's Pep Rally Short Sleeve Tee Navy,Apparel,8.0
GGOEGAAH034015,Google Men's Vintage Badge Tee Sage,Apparel,4.56
GGOEGADJ059713,Google Men's Quilted Insulated Vest Battleship Grey,Apparel,30.0
GGOEYAYR068624,YouTube Youth Short Sleeve Tee Red,Apparel,15.19
GGOEGAEB084513,BLM Sweatshirt,Apparel,33.59
GGOEGAAJ032817,Google Men's Long & Lean Tee Charcoal,Apparel,4.8
GGOEGALJ073313,Google Women's Short Sleeve Hero Tee Heather,Apparel,15.19
GGOEGAAJ032317,Google Men's Short Sleeve Hero Tee Charcoal,Apparel,10.63
GGOEAAWJ062548,Android Infant Short Sleeve Tee Pewter,Apparel,13.59
GGOEGAXR065129,Google Toddler Short Sleeve Tee Red,Apparel,13.59
GGOEGALP034314,Google Women's Vintage Hero Tee Lavender,Apparel,7.6
GGOEGATB060216,Google Women's 1/4 Zip Performance Pullover Black,Apparel,26.0
GGOEGAAQ033917,Google Men's Vintage Badge Tee White,Apparel,5.7
GGOEGAAH034017,Google Men's Vintage Badge Tee Sage,Apparel,4.56
GGOEGADB056613,Men's Weatherblock Shell Jacket Black,Apparel,37.2
GGOEYAQB073217,YouTube Women's Fleece Hoodie Black,Apparel,31.35
GGOEGALB036516,Google Women's Scoop Neck Tee Black,Apparel,4.8
GGOEGALJ034415,Google Women's Vintage Hero Tee Platinum,Apparel,4.56
GGOEGAPC058814,Google Women's Shell Jacket Blue/Black,Apparel,28.5
GGOEAAAJ031914,Android Men's Short Sleeve Hero Tee Heather,Apparel,5.7
GGOEAAEJ035715,Android Men's Vintage Tank,Apparel,10.5
GGOEGAAQ033914,Google Men's Vintage Badge Tee White,Apparel,5.7
GGOEGALQ036613,Google Women's Scoop Neck Tee White,Apparel,4.8
GGOEGAEJ028015,Google Women's Short Sleeve Hero Tee Grey,Apparel,5.1
GGOEYAAJ033016,YouTube Men's Long & Lean Tee Charcoal,Apparel,9.99
GGOEAAAC080913,Android Lifted Men's Short Sleeve Tee Blue,Apparel,15.99
GGOEGADC059313,Google Men's Airflow 1/4 Zip Pullover Lapis,Apparel,28.0
GGOEAAAL081113,Android Men's Pep Rally Short Sleeve Tee Navy,Apparel,8.0
GGOEAAAP081213,Android Men's Take Charge Short Sleeve Tee Purple,Apparel,8.0
GGOEGALJ057915,Google Women's Short Sleeve Performance Tee Charcoal,Apparel,22.0
GGOEAAAJ080813,Android Men's Engineer Short Sleeve Tee Charcoal,Apparel,19.99
GGOEAAEJ030914,Android Women's Long Sleeve Blended Cardigan Grey,Apparel,12.0
GGOEGAAQ057213,Google Men's Colorblock Tee White/Heather,Apparel,27.99
GGOEGALL074616,Google Women's Short Sleeve Badge Tee Navy,Apparel,8.49
GGOEAAAJ032913,Android Men's Long & Lean Badge Tee Charcoal,Apparel,4.8
GGOEGAPJ058016,Google Women's 1/4 Zip Jacket Charcoal,Apparel,44.0
GGOEGATC060316,Google Women's 1/4 Zip Performance Pullover Two-Tone Blue,Apparel,26.0
GGOEGATH060716,Google Women's Convertible Vest-Jacket Sea Foam Green,Apparel,23.76
GGOEAAAJ032916,Android Men's Long & Lean Badge Tee Charcoal,Apparel,4.8
GGOEGAAJ032713,Google Men's Long & Lean Tee Grey,Apparel,9.99
GGOEGAAJ032815,Google Men's Long & Lean Tee Charcoal,Apparel,6.0
GGOEAAAQ032013,Android Men's Short Sleeve Hero Tee White,Apparel,6.8
GGOEGATC060315,Google Women's 1/4 Zip Performance Pullover Two-Tone Blue,Apparel,26.0
GGOEGAWQ062250,Google Infant Short Sleeve Tee White,Apparel,13.59
GGOEGAAQ033913,Google Men's Vintage Badge Tee White,Apparel,5.7
GGOEAAAB081013,Android Men's Outerstellar Short Sleeve Tee Black,Apparel,15.99
GGOEGADB056614,Men's Weatherblock Shell Jacket Black,Apparel,37.2
GGOEGALJ057914,Google Women's Short Sleeve Performance Tee Charcoal,Apparel,22.0
GGOEGALJ072915,Google Women's Performance Hero Tee Gunmetal,Apparel,8.8
GGOEGAEJ028113,Google Women's Short Sleeve Badge Tee Grey,Apparel,5.1
GGOEGADJ057113,Google Men's Performance 1/4 Zip Pullover Heather/Black,Apparel,26.4
GGOEGADJ057114,Google Men's Performance 1/4 Zip Pullover Heather/Black,Apparel,26.4
GGOEGAEJ035316,Google Vintage Henley Grey/Black,Apparel,20.99
GGOEAAAJ031915,Android Men's Short Sleeve Hero Tee Heather,Apparel,5.7
GGOEGADB059616,Google Men's Quilted Insulated Vest Black,Apparel,41.99
GGOEGAAJ057016,Google Men's Short Sleeve Performance Badge Tee Charcoal,Apparel,16.5
GGOEGATH060713,Google Women's Convertible Vest-Jacket Sea Foam Green,Apparel,29.7
GGOEGALJ034414,Google Women's Vintage Hero Tee Platinum,Apparel,5.7
GGOEAHPB076113,Android Stretch Fit Hat,Apparel,12.31
GGOEAAAP081216,Android Men's Take Charge Short Sleeve Tee Purple,Apparel,9.99
GGOEGAWR061053,Google Onesie Red/Graphite,Apparel,19.19
GGOEYAAQ031715,YouTube Men's Short Sleeve Hero Tee White,Apparel,9.51
GGOEYAAJ033014,YouTube Men's Long & Lean Tee Charcoal,Apparel,8.0
GGOEGAAB033813,Google Men's Vintage Badge Tee Black,Apparel,7.6
GGOEGALJ072914,Google Women's Performance Hero Tee Gunmetal,Apparel,8.8
GGOEGAEJ030814,Google Women's Long Sleeve Blended Cardigan Charcoal,Apparel,16.79
GGOEGAAC032115,Google Men's Short Sleeve Hero Tee Light Blue,Apparel,18.99
GGOEGADJ059718,Google Men's Quilted Insulated Vest Battleship Grey,Apparel,30.0
GGOEYAXR066130,You Tube Toddler Short Sleeve Tee Red,Apparel,16.99
GGOEGALP034316,Google Women's Vintage Hero Tee Lavender,Apparel,7.6
GGOEGATJ060515,Google Women's Quilted Insulated Vest White,Apparel,30.0
GGOEGAAJ057013,Google Men's Short Sleeve Performance Badge Tee Charcoal,Apparel,13.2
GGOEGAPB057514,Women's Weatherblock Shell Jacket Black,Apparel,37.2
GGOEGAEB084515,BLM Sweatshirt,Apparel,33.59
GGOEGAWQ062249,Google Infant Short Sleeve Tee White,Apparel,13.59
GGOEGALL074613,Google Women's Short Sleeve Badge Tee Navy,Apparel,6.8
GGOEYAXR066155,You Tube Toddler Short Sleeve Tee Red,Apparel,13.59
GGOEAAEJ035716,Android Men's Vintage Tank,Apparel,8.4
GGOEGAFJ036217,Google Men's Pullover Hoodie Grey,Apparel,29.11
GGOEGALJ060115,Google Women's Short Sleeve Performance Tee Pewter,Apparel,5.28
GGOEGAPB057512,Women's Weatherblock Shell Jacket Black,Apparel,37.2
GGOEGAPC058812,Google Women's Shell Jacket Blue/Black,Apparel,22.8
GGOEGAAC035017,Google Men's Bayside Graphic Tee,Apparel,19.99
GGOEGAWR061048,Google Onesie Red/Graphite,Apparel,19.19
GGOEGADJ056818,Google Men's Watershed Full Zip Hoodie Grey,Apparel,44.0
GGOEGALJ057913,Google Women's Short Sleeve Performance Tee Charcoal,Apparel,22.0
GGOEYAEA035116,YouTube Men's Vintage Henley,Apparel,12.0
GGOEGAEJ030817,Google Women's Long Sleeve Blended Cardigan Charcoal,Apparel,16.79
GGOEGALB036517,Google Women's Scoop Neck Tee Black,Apparel,4.8
GGOEGATH060717,Google Women's Convertible Vest-Jacket Sea Foam Green,Apparel,23.76
GGOEGAAQ057215,Google Men's Colorblock Tee White/Heather,Apparel,34.99
GGOEAAAB034913,Android BTTF Moonshot Graphic Tee,Apparel,15.99
GGOEGATJ060513,Google Women's Quilted Insulated Vest White,Apparel,30.0
GGOEGAYR068224,Google Youth Short Sleeve Tee Red,Apparel,15.19
GGOEYAQB073216,YouTube Women's Fleece Hoodie Black,Apparel,39.19
GGOEGAXR065130,Google Toddler Short Sleeve Tee Red,Apparel,13.59
GGOEYAAJ033013,YouTube Men's Long & Lean Tee Charcoal,Apparel,8.0
GGOEAAWT061753,Android Onesie Gold,Apparel,19.19
GGOEYAAJ033015,YouTube Men's Skater Tee Charcoal,Apparel,8.0
GGOEGAYQ069024,Google Youth Short Sleeve Tee White,Apparel,15.19
GGOEAAAJ031913,Android Men's Short Sleeve Hero Tee Heather,Apparel,4.56
GGOEGAAJ059113,Google Men's Short Sleeve Performance Badge Tee Pewter,Apparel,8.8
GGOEGAYC068356,Google Youth Short Sleeve T-shirt Royal Blue,Apparel,15.19
GGOEGADB056918,Google Men's Performance Full Zip Jacket Black,Apparel,48.0
GGOEGADB059618,Google Men's Quilted Insulated Vest Black,Apparel,41.99
GGOEYAXR066128,You Tube Toddler Short Sleeve Tee Red,Apparel,16.99
GGOEGALP036313,Google Women's Long Sleeve Tee Lavender,Apparel,12.0
GGOEGAYH067956,Google Youth Girl Tee Green,Apparel,10.63
GGOEGAAC032114,Google Men's Short Sleeve Hero Tee Light Blue,Apparel,15.19
GGOEGALJ060114,Google Women's Short Sleeve Performance Tee Pewter,Apparel,5.28
GGOEGAXC065228,Google Toddler Short Sleeve T-shirt Royal Blue,Apparel,9.51
GGOEAAAB081014,Android Men's Outerstellar Short Sleeve Tee Black,Apparel,15.99
GGOEGAPJ058015,Google Women's 1/4 Zip Jacket Charcoal,Apparel,44.0
GGOEGAAC032113,Google Men's Short Sleeve Hero Tee Light Blue,Apparel,18.99
GGOEGALP036316,Google Women's Long Sleeve Tee Lavender,Apparel,9.6
GGOEGAXR066055,Google Toddler Sports T-shirt Red,Apparel,10.63
GGOEGAYT068525,Google Youth Short Sleeve T-shirt Yellow,Apparel,7.6
GGOEGADB059214,Google Men's Airflow 1/4 Zip Pullover Black,Apparel,28.0
GGOEAAWT061748,Android Onesie Gold,Apparel,19.19
GGOEGADJ057117,Google Men's Performance 1/4 Zip Pullover Heather/Black,Apparel,26.4
GGOEGAEJ030816,Google Women's Long Sleeve Blended Cardigan Charcoal,Apparel,16.79
GGOEAAWT061749,Android Onesie Gold,Apparel,19.19
GGOEAAAB034916,Android BTTF Moonshot Graphic Tee,Apparel,15.99
GGOEGAAC032117,Google Men's Short Sleeve Hero Tee Light Blue,Apparel,15.19
GGOEGALJ034416,Google Women's Vintage Hero Tee Platinum,Apparel,4.56
GGOEGAER035513,Google Men's Vintage Tank,Apparel,11.75
GGOEGAAJ073413,Google Men's Short Sleeve Hero Tee Heather,Apparel,15.19
GGOEGAEJ035317,Google Vintage Henley Grey/Black,Apparel,16.79
GGOEGAAJ080617,Google Men's Bike Short Sleeve Tee Charcoal,Apparel,15.99
GGOEGAAC035013,Google Men's Bayside Graphic Tee,Apparel,19.99
GGOEGAPB057816,Women's Performance Full Zip Jacket Black,Apparel,67.19
GGOEAAEH035217,Android Men's Vintage Henley,Apparel,9.0
GGOEGAAC035016,Google Men's Bayside Graphic Tee,Apparel,15.99
GGOEGATB060214,Google Women's 1/4 Zip Performance Pullover Black,Apparel,26.0
GGOEAAEJ033414,Android Men's Long Sleeve Badge Crew Tee Heather,Apparel,8.4
GGOEAAEJ033413,Android Men's Long Sleeve Badge Crew Tee Heather,Apparel,8.4
GGOEGALL074614,Google Women's Short Sleeve Badge Tee Navy,Apparel,6.8
GGOEAAAJ032413,Android Men's Short Sleeve Tri-blend Hero Tee Grey,Apparel,10.63
GGOEAAAJ032914,Android Men's Long & Lean Badge Tee Charcoal,Apparel,6.0
GGOEGALJ072917,Google Women's Performance Hero Tee Gunmetal,Apparel,8.8
GGOEGAPB057812,Women's Performance Full Zip Jacket Black,Apparel,67.19
GGOEYAAJ032513,YouTube Men's Short Sleeve Hero Tee Charcoal,Apparel,18.99
GGOEGAWC061949,Google Infant Short Sleeve Tee Royal Blue,Apparel,13.59
GGOEGAYQ069056,Google Youth Short Sleeve Tee White,Apparel,15.19
GGOEGAPJ058017,Google Women's 1/4 Zip Jacket Charcoal,Apparel,44.0
GGOEYAEB035614,YouTube Men's Vintage Tank,Apparel,11.75
GGOEAAAB034817,Android BTTF Cosmos Graphic Tee,Apparel,15.99
GGOEGAPB057513,Women's Weatherblock Shell Jacket Black,Apparel,37.2
GGOEGAPB057515,Women's Weatherblock Shell Jacket Black,Apparel,37.2
GGOEGAXR066029,Google Toddler Sports T-shirt Red,Apparel,10.63
GGOEGADC059316,Google Men's Airflow 1/4 Zip Pullover Lapis,Apparel,28.0
GGOEGAEB084516,BLM Sweatshirt,Apparel,33.59
GGOEGADC059513,Google Men's Microfiber 1/4 Zip Pullover Blue/Indigo,Apparel,30.0
GGOEGAYT068524,Google Youth Short Sleeve T-shirt Yellow,Apparel,7.6
GGOEGALJ034417,Google Women's Vintage Hero Tee Platinum,Apparel,4.56
GGOEAAEJ035717,Android Men's Vintage Tank,Apparel,10.5
GGOEGATB060416,Google Women's Quilted Insulated Vest Black,Apparel,59.99
GGOEGADB056713,Men's Softshell Jacket Black/Grey,Apparel,79.19
GGOEGALJ073315,Google Women's Short Sleeve Hero Tee Heather,Apparel,15.19
GGOEGAPJ058012,Google Women's 1/4 Zip Jacket Charcoal,Apparel,44.0
GGOEGADB057313,Google Men's Lightweight Microfleece Jacket Black,Apparel,59.99
GGOEGAPB058617,Google Women's Yoga Jacket Black,Apparel,52.5
GGOEGAER035516,Google Men's Vintage Tank,Apparel,11.75
GGOEGPXR023199,Google Collapsible Pet Bowl,Lifestyle,3.99
GGOEGACB023699,Yoga Block,Lifestyle,7.27
GGOEWAAJ083517,Waze Men's Typography Short Sleeve Tee,Waze,15.19
GGOEAHPJ004213,Android Stretch Fit Hat S/M,Headgear,11.0
GGOEGHPB080410,Google 5-Panel Snapback Cap,Headgear,13.29
GGOEGOCR078499,Google Spiral Leather Journal,Notebooks & Journals,9.6
GGOEGOCB078299,Google Leather Journal-Black,Notebooks & Journals,16.5
GGOEGBPB081999,UpCycled Bike Saddle Bag,Accessories,34.99
GGOEGBMC056599,Waterproof Gear Bag,Office,79.99
GGOEGADB056914,Google Men's Performance Full Zip Jacket Black,Apparel,67.19
GGOEGAWC061253,Google Onesie Royal Blue,Apparel,19.19
GGOEGADJ059814,Google Men's Convertible Vest-Jacket Pewter,Apparel,69.29
GGOEGAEJ033314,Google Men's Long Sleeve Pullover Badge Tee Heather,Apparel,34.99
GGOEGAAQ057214,Google Men's Colorblock Tee White/Heather,Apparel,49.99
GGOEAAAJ032915,Android Men's Skater Badge Tee Charcoal,Apparel,19.99
GGOEGAYL068126,Google Youth Sports Tee Navy,Apparel,21.99
GGOEAAEB031214,Android Heavyweight Long Sleeve Badge Tee Black,Apparel,39.99
GGOEAAEH035214,Android Men's Vintage Henley,Apparel,29.99
GGOEGATB060614,Google Women's Convertible Vest-Jacket Black,Apparel,79.19
GGOEAAEJ030915,Android Women's Long Sleeve Blended Cardigan Grey,Apparel,29.99
GGOEGAWN062750,Google Infant Zip Hood Pink,Apparel,37.99
GGOEYAEB031415,YouTube Men's 3/4 Sleeve Henley,Apparel,24.99
GGOEAAWT061750,Android Onesie Gold,Apparel,19.19
GGOEAAYC068724,Android Youth Short Sleeve T-shirt Aqua,Apparel,15.19
GGOEGAXJ065730,Google Toddler 1/4 Zip Fleece Pewter,Apparel,30.39
GGOEGAXR066030,Google Toddler Sports T-shirt Red,Apparel,15.19
GGOEYAAQ031713,YouTube Men's Short Sleeve Hero Tee White,Apparel,16.99
GGOEGAER033216,Google Men's Long Sleeve Raglan Cranberry,Apparel,24.99
GGOEAAYC068756,Android Youth Short Sleeve T-shirt Aqua,Apparel,15.19
GGOEAAWC061653,Android Onesie Baby Blue,Apparel,19.19
GGOEAAWH061553,Android Onesie Sprout Green,Apparel,19.19
GGOEAAEB031615,Android Men's 3/4 Sleeve Raglan Henley Black,Apparel,24.99
GGOEYAEB035615,YouTube Men's Vintage Tank,Apparel,20.99
GGOEGAEJ033313,Google Men's Long Sleeve Pullover Badge Tee Heather,Apparel,34.99
GGOEGAEJ033316,Google Men's Long Sleeve Pullover Badge Tee Heather,Apparel,34.99
GGOEGAAQ057216,Google Men's Colorblock Tee White/Heather,Apparel,49.99
GGOEGAAQ057217,Google Men's Colorblock Tee White/Heather,Apparel,49.99
GGOEAAAJ031916,Android Men's Short Sleeve Hero Tee Heather,Apparel,18.99
GGOEGAAH034013,Google Men's Vintage Badge Tee Sage,Apparel,18.99
GGOEGAAH034014,Google Men's Vintage Badge Tee Sage,Apparel,18.99
GGOEAAAJ034513,Android Men's Vintage Tee,Apparel,18.99
GGOEAAAJ034514,Android Men's Vintage Tee,Apparel,18.99
GGOEAAEB031613,Android Men's 3/4 Sleeve Raglan Henley Black,Apparel,24.99
GGOEAAEB031616,Android Men's 3/4 Sleeve Raglan Henley Black,Apparel,24.99
GGOEGAEJ030713,Google Men's 3/4 Sleeve Raglan Henley Grey,Apparel,24.99
GGOEGAAJ073014,Google Men's Performance Hero Tee Gunmetal,Apparel,21.99
GGOEGAAJ073016,Google Men's Performance Hero Tee Gunmetal,Apparel,21.99
GGOEAAWC061648,Android Onesie Baby Blue,Apparel,23.99
GGOEAAWC062449,Android Infant Short Sleeve Tee Aqua,Apparel,16.99
GGOEYAWR062348,YouTube Infant Short Sleeve Tee Red,Apparel,16.99
GGOEAAEB030216,Android Women's Racer Back Tank Black,Apparel,19.99
GGOEGALL060015,Google Women's Short Sleeve Performance Tee Navy,Apparel,17.59
GGOEYAEA035117,YouTube Men's Vintage Henley,Apparel,29.99
GGOEGAAB033817,Google Men's Vintage Badge Tee Black,Apparel,18.99
GGOEGAWC062150,Google Infant Short Sleeve Tee Cornflower Blue,Apparel,13.59
GGOEGAXJ065528,Google Toddler Short Sleeve T-shirt Grey,Apparel,13.59
GGOEGAXR066028,Google Toddler Sports T-shirt Red,Apparel,15.19
GGOEGAEL031113,Google Men's Heavyweight Long Sleeve Hero Tee Navy,Apparel,39.99
GGOEGAEL031114,Google Men's Heavyweight Long Sleeve Hero Tee Navy,Apparel,39.99
GGOEGAEL031115,Google Men's Heavyweight Long Sleeve Hero Tee Navy,Apparel,39.99
GGOEGAEL031116,Google Men's Heavyweight Long Sleeve Hero Tee Navy,Apparel,39.99
GGOEGAEL031117,Google Men's Heavyweight Long Sleeve Hero Tee Navy,Apparel,39.99
GGOEAAEB030213,Android Women's Racer Back Tank Black,Apparel,15.99
GGOEGADB057318,Google Men's Lightweight Microfleece Jacket Black,Apparel,59.99
GGOEGALH036716,Google Women's Scoop Neck Tee Green,Apparel,19.99
GGOEGAPB057817,Women's Performance Full Zip Jacket Black,Apparel,83.99
GGOEAAYC068725,Android Youth Short Sleeve T-shirt Aqua,Apparel,18.99
GGOEAAYJ068856,Android Youth Short Sleeve T-shirt Pewter,Apparel,18.99
GGOEYAWJ061450,YouTube Onesie Heather,Apparel,19.19
GGOEGADB056618,Men's Weatherblock Shell Jacket Black,Apparel,52.07
GGOEGADJ059717,Google Men's Quilted Insulated Vest Battleship Grey,Apparel,41.99
GGOEAAAC080914,Android Lifted Men's Short Sleeve Tee Blue,Apparel,15.99
GGOEAAAB081016,Android Men's Outerstellar Short Sleeve Tee Black,Apparel,19.99
GGOEAAEJ029314,Android Women's Short Sleeve Badge Tee Light Charcoal,Apparel,18.99
GGOEAAQB036113,Android Women's Fleece Hoodie,Apparel,44.79
GGOEGAYQ068924,Google Youth Girl Hoodie,Apparel,35.2
GGOEGADB056913,Google Men's Performance Full Zip Jacket Black,Apparel,67.19
GGOEAAXC066455,Android Toddler Short Sleeve T-shirt Aqua,Apparel,13.59
GGOEYAAQ031716,YouTube Men's Short Sleeve Hero Tee White,Apparel,16.99
GGOEGALL060017,Google Women's Short Sleeve Performance Tee Navy,Apparel,21.99
GGOEGATB060217,Google Women's 1/4 Zip Performance Pullover Black,Apparel,45.49
GGOEGATB060615,Google Women's Convertible Vest-Jacket Black,Apparel,98.99
GGOEGAAJ059117,Google Men's Short Sleeve Performance Badge Tee Pewter,Apparel,21.99
GGOEGAAJ073013,Google Men's Performance Hero Tee Gunmetal,Apparel,21.99
GGOEGAAJ073017,Google Men's Performance Hero Tee Gunmetal,Apparel,21.99
GGOEAAXJ066230,Android Toddler Short Sleeve T-shirt Pewter,Apparel,16.99
GGOEGAPB057516,Women's Weatherblock Shell Jacket Black,Apparel,65.09
GGOEGAYC068326,Google Youth Short Sleeve T-shirt Royal Blue,Apparel,15.19
GGOEGAHB057418,Google Men's Performance Polo Grey/Black,Apparel,71.99
GGOEGALJ060113,Google Women's Short Sleeve Performance Tee Pewter,Apparel,17.59
GGOEGALL060013,Google Women's Short Sleeve Performance Tee Navy,Apparel,17.59
GGOEAAAQ032014,Android Men's Short Sleeve Hero Tee White,Apparel,16.99
GGOEAAEC029416,Android Women's Short Sleeve Tri-blend Badge Tee Light Blue,Apparel,15.19
GGOEAAYC068726,Android Youth Short Sleeve T-shirt Aqua,Apparel,15.19
GGOEGALL060014,Google Women's Short Sleeve Performance Tee Navy,Apparel,21.99
GGOEGADB059217,Google Men's Airflow 1/4 Zip Pullover Black,Apparel,48.99
GGOEGADC059517,Google Men's Microfiber 1/4 Zip Pullover Blue/Indigo,Apparel,41.99
GGOEGAAC032116,Google Men's Short Sleeve Hero Tee Light Blue,Apparel,18.99
GGOEGAER029216,Google Women's Short Sleeve Badge Tee Red Heather,Apparel,15.19
GGOEGALB059916,Google Women's Short Sleeve Performance Tee Black,Apparel,17.59
GGOEGAAJ057017,Google Men's Short Sleeve Performance Badge Tee Charcoal,Apparel,54.99
GGOEAAEJ029313,Android Women's Short Sleeve Badge Tee Light Charcoal,Apparel,15.19
GGOEGAYQ068926,Google Youth Girl Hoodie,Apparel,35.2
GGOEGAER029214,Google Women's Short Sleeve Badge Tee Red Heather,Apparel,15.19
GGOEAAFB035916,Android Men's  Zip Hoodie,Apparel,44.79
GGOEGAER035517,Google Men's Vintage Tank,Apparel,16.79
GGOEYAEB030013,YouTube Women's Racer Back Tank Black,Apparel,19.99
GGOEGAYH068426,Google Youth Short Sleeve T-shirt Green,Apparel,15.19
GGOEGATB060616,Google Women's Convertible Vest-Jacket Black,Apparel,98.99
GGOEYAEB030016,YouTube Women's Racer Back Tank Black,Apparel,19.99
GGOEYAEJ029613,YouTube Women's Short Sleeve Tri-blend Badge Tee Grey,Apparel,15.19
GGOEGAXH065328,Google Toddler Short Sleeve T-shirt Green,Apparel,13.59
GGOEYAWJ061453,YouTube Onesie Heather,Apparel,23.99
GGOEAAWH061550,Android Onesie Sprout Green,Apparel,23.99
GGOEGAHB057415,Google Men's Performance Polo Grey/Black,Apparel,71.99
GGOEGALQ034217,Google Women's Vintage Hero Tee White,Apparel,18.99
GGOEADHH015499,Android 24 oz Contigo Bottle,Drinkware,23.99
GGOEGDHJ023099,Insulated Bottle,Drinkware,21.99
GGOEGAWQ062953,Google Baby Essentials Set,Apparel,27.19
GGOEGAWQ062948,Google Baby Essentials Set,Apparel,33.99
GGOEGAXC065230,Google Toddler Short Sleeve T-shirt Royal Blue,Apparel,13.59
GGOEGAWQ062949,Google Baby Essentials Set,Apparel,27.19
GGOEAAWN062650,Android Infant Short Sleeve Tee Pink,Apparel,16.99
GGOEAAEH035215,Android Men's Vintage Henley,Apparel,20.99
GGOEGAER029717,Google Women's Short Sleeve Hero Tee Red Heather,Apparel,15.19
GGOEYAEB035617,YouTube Men's Vintage Tank,Apparel,14.69
GGOEYAEJ029614,YouTube Women's Short Sleeve Tri-blend Badge Tee Grey,Apparel,13.29
GGOEGALJ072913,Google Women's Performance Hero Tee Gunmetal,Apparel,12.31
GGOEGAYH068456,Google Youth Short Sleeve T-shirt Green,Apparel,10.63
GGOEYAEB035613,YouTube Men's Vintage Tank,Apparel,11.75
GGOEGAWC061950,Google Infant Short Sleeve Tee Royal Blue,Apparel,16.99
GGOEGALQ034216,Google Women's Vintage Hero Tee White,Apparel,18.99
GGOEGAYH067924,Google Youth Girl Tee Green,Apparel,15.19
GGOEGAXJ065530,Google Toddler Short Sleeve T-shirt Grey,Apparel,9.51
GGOEGAAQ033918,Google Men's Vintage Badge Tee White,Apparel,10.63
GGOEGAWH061350,Google Onesie Green,Apparel,19.19
GGOEGADJ059815,Google Men's Convertible Vest-Jacket Pewter,Apparel,55.43
GGOEAAXN066355,Android Toddler Short Sleeve T-shirt Pink,Apparel,13.59
GGOEGAEJ030813,Google Women's Long Sleeve Blended Cardigan Charcoal,Apparel,23.99
GGOEGAAL059013,Google Men's Short Sleeve Performance Badge Tee Navy,Apparel,12.31
GGOEGAYH067926,Google Youth Girl Tee Green,Apparel,15.19
GGOEYAWJ061449,YouTube Onesie Heather,Apparel,19.19
GGOEGAEB084517,BLM Sweatshirt,Apparel,33.59
GGOEAAEJ030917,Android Women's Long Sleeve Blended Cardigan Grey,Apparel,20.99
GGOEYAAJ033017,YouTube Men's Long & Lean Tee Charcoal,Apparel,11.19
GGOEGATB060613,Google Women's Convertible Vest-Jacket Black,Apparel,55.43
GGOEGARJ058415,Google Women's Yoga Pants,Apparel,55.43
GGOEGALQ058116,Google Women's Colorblock Tee White,Apparel,27.99
GGOEGAXC065630,Google Toddler Hoodie Royal Blue,Apparel,30.39
GGOEAOCH077899,Android Spiral Journal with Pen,Notebooks & Journals,7.99
GGOEAAAH083313,Android Men's Paradise Short Sleeve Tee Olive,Android,11.19
GGOEAAAH083317,Android Men's Paradise Short Sleeve Tee Olive,Android,11.19
GGOEGALJ072916,Google Women's Performance Hero Tee Gunmetal,Apparel,11.0
GGOEGATH060715,Google Women's Convertible Vest-Jacket Sea Foam Green,Apparel,23.76
GGOEGALJ060116,Google Women's Short Sleeve Performance Tee Pewter,Apparel,5.28
GGOEGALJ057916,Google Women's Short Sleeve Performance Tee Charcoal,Apparel,22.0
GGOEYAEJ029516,YouTube Women's Short Sleeve Tri-blend Badge Tee Charcoal,Apparel,7.6
GGOEGALJ060117,Google Women's Short Sleeve Performance Tee Pewter,Apparel,5.28
GGOEGADJ057118,Google Men's Performance 1/4 Zip Pullover Heather/Black,Apparel,26.4
GGOEGAPB057613,Google Women's Softshell Jacket Black/Grey,Apparel,86.39
GGOEGATB060418,Google Women's Quilted Insulated Vest Black,Apparel,59.99
GGOENEBQ092399,Nest Cam IQ Outdoor - USA (Preorder),Nest,279.0
GGOEWALJ083415,Waze Women's Typography Short Sleeve Tee,Waze,18.99
GGOEGBPB082099,UpCycled Handlebar Bag,Accessories,33.59
GGOEGCKQ084999,Emoji Sticker Sheet,Accessories,3.99
GGOEYAWQ089753,YouTube Kids Onesie White,Apparel,20.79
GGOEGADB056718,Men's Softshell Jacket Black/Grey,Apparel,24.75
GGOEGAPB057615,Google Women's Softshell Jacket Black/Grey,Apparel,27.0
GGOEGALL074617,Google Women's Short Sleeve Badge Tee Navy,Apparel,3.4
GGOEYAEB031414,YouTube Men's 3/4 Sleeve Henley,Apparel,19.99
GGOEAHPB080210,Android 5-Panel Low Cap,Apparel,15.19
GGOEGAXT065428,Google Toddler Short Sleeve T-shirt Yellow,Apparel,31.99
GGOEGALB059917,Google Women's Short Sleeve Performance Tee Black,Apparel,21.99
GGOEGAXT065430,Google Toddler Short Sleeve T-shirt Yellow,Apparel,13.59
GGOEAAAJ034515,Android Men's Vintage Tee,Apparel,18.99
GGOEAAAQ032016,Android Men's Short Sleeve Hero Tee White,Apparel,16.99
GGOEAAXC066428,Android Toddler Short Sleeve T-shirt Aqua,Apparel,13.59
GGOEGAER033215,Google Men's Long Sleeve Raglan Cranberry,Apparel,24.99
GGOEGAQJ058716,Google Women's Zip Hoodie Grey,Apparel,139.99
GGOEGATB060417,Google Women's Quilted Insulated Vest Black,Apparel,74.99
GGOEGADB059213,Google Men's Airflow 1/4 Zip Pullover Black,Apparel,55.99
GGOEGARJ058414,Google Women's Yoga Pants,Apparel,79.19
GGOEGAER029217,Google Women's Short Sleeve Badge Tee Red Heather,Apparel,18.99
GGOEYAEA030516,YouTube Womens 3/4 Sleeve Baseball Raglan White/Black,Apparel,15.99
GGOEGAEJ033317,Google Men's Long Sleeve Pullover Badge Tee Heather,Apparel,36.99
GGOEAAEJ029317,Android Women's Short Sleeve Badge Tee Light Charcoal,Apparel,18.99
GGOEGAYL068124,Google Youth Sports Tee Navy,Apparel,17.59
GGOEGARJ058416,Google Women's Yoga Pants,Apparel,79.19
GGOEGAQJ058715,Google Women's Zip Hoodie Grey,Apparel,111.99
GGOEAHPA004110,Android Wool Heather Cap Heather/Black,Headgear,24.99
GGOEGHPB003410,Google Snapback Hat Black,Headgear,22.99
GGOEGAER033217,Google Men's Long Sleeve Raglan Cranberry,Apparel,17.49
GGOEAAEJ029315,Android Women's Short Sleeve Badge Tee Light Charcoal,Apparel,10.63
GGOEGALP034317,Google Women's Vintage Hero Tee Lavender,Apparel,10.63
GGOEGADJ059813,Google Men's Convertible Vest-Jacket Pewter,Apparel,55.43
GGOEAAWQ063053,Android Baby Esssentials Set,Apparel,19.03
GGOEAAEH035216,Android Men's Vintage Henley,Apparel,16.79
GGOEAAWN062649,Android Infant Short Sleeve Tee Pink,Apparel,16.99
GGOEGAPB057517,Women's Weatherblock Shell Jacket Black,Apparel,65.09
GGOEGAAJ080717,Google Men's Around The Block Short Sleeve Tee Ash,Apparel,13.99
GGOEGAWC061250,Google Onesie Royal Blue,Apparel,16.79
GGOEGAWC061254,Google Onesie Royal Blue,Apparel,16.79
GGOEGALL060016,Google Women's Short Sleeve Performance Tee Navy,Apparel,15.39
GGOEGAUB058312,Google Women's Performance Polo Grey/Black,Apparel,62.99
GGOEGAUB058313,Google Women's Performance Polo Grey/Black,Apparel,62.99
GGOEGAUB058314,Google Women's Performance Polo Grey/Black,Apparel,62.99
GGOEGAUB058315,Google Women's Performance Polo Grey/Black,Apparel,62.99
GGOEGAUB058316,Google Women's Performance Polo Grey/Black,Apparel,62.99
GGOEGAUB058317,Google Women's Performance Polo Grey/Black,Apparel,62.99
GGOEAAWC061649,Android Onesie Baby Blue,Apparel,16.79
GGOEAAWC061650,Android Onesie Baby Blue,Apparel,16.79
GGOEAAWC061654,Android Onesie Baby Blue,Apparel,16.79
GGOEAAWH061549,Android Onesie Sprout Green,Apparel,16.79
GGOEAAWH061554,Android Onesie Sprout Green,Apparel,16.79
GGOEGAYC068325,Google Youth Short Sleeve T-shirt Royal Blue,Apparel,18.99
GGOEAAWQ063048,Android Baby Esssentials Set,Apparel,23.79
GGOEAAWQ063049,Android Baby Esssentials Set,Apparel,23.79
GGOEGAYT068526,Google Youth Short Sleeve T-shirt Yellow,Apparel,10.63
GGOEGATJ060514,Google Women's Quilted Insulated Vest White,Apparel,41.99
GGOEGAXH065355,Google Toddler Short Sleeve T-shirt Green,Apparel,9.51
GGOEYAEB030014,YouTube Women's Racer Back Tank Black,Apparel,13.99
GGOEGAYL068156,Google Youth Sports Tee Navy,Apparel,21.99
GGOEGAXT065455,Google Toddler Short Sleeve T-shirt Yellow,Apparel,13.59
GGOEYAEA030514,YouTube Womens 3/4 Sleeve Baseball Raglan White/Black,Apparel,15.99
GGOEAHPJ004415,Android Stretch Fit Hat L/XL,Headgear,12.31
GGOEAAEJ033416,Android Men's Long Sleeve Badge Crew Tee Heather,Apparel,19.59
GGOEGAHB057413,Google Men's Performance Polo Grey/Black,Apparel,50.39
GGOEWALJ083413,Waze Women's Typography Short Sleeve Tee,Waze,15.19
GGOEAAQB036116,Android Women's Fleece Hoodie,Apparel,31.35
GGOEGAWR061150,Google Onesie Red,Apparel,19.19
GGOEGATB060617,Google Women's Convertible Vest-Jacket Black,Apparel,23.76
GGOEYAEJ029616,YouTube Women's Short Sleeve Tri-blend Badge Tee Grey,Apparel,9.49
GGOEAAWT061754,Android Onesie Gold,Apparel,19.19
GGOEGAEJ028917,Google Women's Short Sleeve Hero Dark Grey,Apparel,15.19
GGOEGAWR061154,Google Onesie Red,Apparel,23.99
GGOEGAAJ057018,Google Men's Short Sleeve Performance Badge Tee Charcoal,Apparel,13.2
GGOEGAUC057717,Google Women's Performance Golf Polo Blue,Apparel,17.4
GGOEAAAH083316,Android Men's Paradise Short Sleeve Tee Olive,Android,13.99
GGOEGOCC017699,Compact Journal with Recycled Pages,Office,3.5
GGOEGAEE031014,Google Men's Heavyweight Long Sleeve Hero Tee Burgundy,Apparel,31.99
GGOEGAEE031013,Google Men's Heavyweight Long Sleeve Hero Tee Burgundy,Apparel,39.99
GGOEGAPB057616,Google Women's Softshell Jacket Black/Grey,Apparel,21.6
GGOEGATJ060517,Google Women's Quilted Insulated Vest White,Apparel,15.0
GGOEGALJ057917,Google Women's Short Sleeve Performance Tee Charcoal,Apparel,22.0
GGOEGATC060317,Google Women's 1/4 Zip Performance Pullover Two-Tone Blue,Apparel,26.0
GGOEWALJ083417,Waze Women's Typography Short Sleeve Tee,Waze,15.19
GGOEGGCX092599,Gift Card - $10.00,Gift Cards,10.19
GGOEGGCX056399,Gift Card - $250.00,Gift Cards,254.82
GGOEGAAX0100,Gift Card - $10.00,Gift Cards,10.0
